No;rgb_b1;rgb_b2;rgb_b3;green_b1;green_b2;ndvi_b1;nir_b1;nir_b2;red_b1;red_b2;redEdge_b1;redEdge_b2;Label
12;1.285.836.678;1.278.152.249;112.499.654;1.594.724.346;2.524.574.394;9.535.492;1.747.344.471;2.524.574.394;1.131.516.997;2.524.574.394;190.919.791;2.524.574.394;2
13;1.472.476.125;1.418.168.858;1.230.029.066;1.589.199.875;2.524.574.394;9.611.381;1.867.892.581;2.524.574.394;109.724.836;2.524.574.394;2.029.447.765;2.524.574.394;2
14;1.498.607.612;1.442.322.491;1.224.334.948;1.583.930.644;2.524.574.394;9.694.061;2.351.694.367;2.524.574.394;1.075.852.304;2.524.574.394;2.486.144.457;2.524.574.394;2
15;1.425.822.837;1.384.131.488;1.129.439.446;2.116.130.256;2.524.574.394;9.366.588;1.921.075.779;2.524.574.394;1.754.491.197;2.524.574.394;2.209.912.152;2.524.574.394;2
55;1.331.337.024;1.245.310.727;1.068.841.522;1.563.276.277;2.522.442.907;1.026.337;2.297.758.616;2.522.442.907;1.098.530.145;2.522.442.907;2.152.040.069;2.522.442.907;2
72;1.425.804.844;1.459.590.311;1.220.953.633;1.530.632.775;2.522.442.907;10.435.257;298.034.119;2.522.442.907;1.036.786.893;2.522.442.907;294.480.036;2.522.442.907;2
73;1.468.736.332;1.479.928.028;1.250.907.958;15.184.169;2.522.442.907;10.481.546;3.003.289.647;2.522.442.907;1.005.838.436;2.522.442.907;2.913.468.014;2.522.442.907;2
76;1.538.260.208;1.487.541.869;1.301.425.606;1.645.169.855;2.522.442.907;10.468.792;2.668.208.374;2.522.442.907;1.019.835.488;2.522.442.907;2.583.168.623;2.522.442.907;2
85;1.445.130.796;1.452.842.907;1.239.669.204;1.512.429.799;2.522.442.907;10.514.192;3.183.959.087;2.522.442.907;9.542.378.685;2.522.442.907;3.110.740.678;2.522.442.907;2
126;1.520.899.654;1.516.840.138;1.369.800.692;1.566.567.779;2.522.442.907;10.462.231;2.975.566.339;2.522.442.907;9.686.739.931;2.522.442.907;3.033.491.571;2.522.442.907;2
146;1.359.537.716;137.430.173;1.138.692.042;1.420.900.886;2.522.442.907;10.471.851;2.847.176.388;2.522.442.907;9.179.431.696;2.522.442.907;2.884.827.792;2.522.442.907;2
160;1.444.311.419;1.488.296.194;1.252.283.737;1.455.932.429;2.522.442.907;10.518.269;3.035.331.516;2.522.442.907;9.219.984.775;2.522.442.907;3.070.882.228;2.522.442.907;2
192;1.461.180.623;1.412.754.325;1.201.926.644;1.542.504.484;2.522.442.907;10.158.761;1.500.953.661;2.522.442.907;1.171.387.723;2.522.442.907;1.475.326.851;2.522.442.907;2
193;1.410.841.522;1.353.777.163;114.996.955;1.579.705.993;2.522.442.907;10.111.543;1.461.422.533;2.522.442.907;1.235.529.398;2.522.442.907;1.379.859.654;2.522.442.907;2
233;1.553.950.173;1.456.758.478;1.399.799.308;1.456.103.114;2.522.442.907;10.564.723;3.311.561.204;2.522.442.907;8.981.195.433;2.522.442.907;3.270.705.758;2.522.442.907;2
262;1.549.504.498;1.509.946.021;1.411.020.069;1.408.009.052;2.522.442.907;10.292.964;1.977.453.426;2.522.442.907;1.041.330.201;2.522.442.907;1.923.172.388;2.522.442.907;2
263;1.602.208.997;1.543.583.391;145.290.519;1.456.724.997;2.522.442.907;103.044.615;2.058.032.263;2.522.442.907;1.056.413.038;2.522.442.907;2.033.535.599;2.522.442.907;2
270;1.655.851.903;1.578.747.405;1.511.201.384;1.493.583.031;2.522.442.907;10.182.034;2.066.170.519;2.522.442.907;1.261.226.104;2.522.442.907;2.228.409.426;2.522.442.907;2
271;1.612.620.069;1.553.548.789;1.477.136.332;1.432.294.602;2.522.442.907;1.022.153;2.130.497.163;2.522.442.907;120.538.519;2.522.442.907;228.486.782;2.522.442.907;2
272;1.626.945.329;1.560.485.813;1.497.295.502;1.410.719.031;2.522.442.907;10.190.864;2.075.019.419;2.522.442.907;1.200.846.311;2.522.442.907;2.229.300.194;2.522.442.907;2
273;1.618.375.087;1.539.205.536;1.480.746.021;1.386.670.353;2.522.442.907;1.016.301;1.971.385.163;2.522.442.907;1.186.040.415;2.522.442.907;2.084.949.218;2.522.442.907;2
274;1.603.503.114;152.280.692;145.739.654;1.381.305.979;2.522.442.907;10.215.333;1.978.015.972;2.522.442.907;110.009.092;2.522.442.907;1.997.276.055;2.522.442.907;2
275;1.535.147.405;1.489.345.329;1.393.518.339;1.363.053.869;2.522.442.907;10.361.777;2.138.306.782;2.522.442.907;9.819.869.758;2.522.442.907;2.082.887.266;2.522.442.907;2
276;1.555.944.637;149.803.045;1.406.337.716;1.380.113.052;2.522.442.907;10.355.425;2.119.416.014;2.522.442.907;9.860.986.574;2.522.442.907;20.717.009;2.522.442.907;2
285;1.608.207.612;1.541.784.083;1.443.815.917;1.407.270.948;2.522.442.907;10.314.552;2.351.331.779;2.522.442.907;1.147.887.294;2.522.442.907;2.464.261.606;2.522.442.907;2
286;162.492.872;1.533.357.785;1.459.021.453;1.394.567.502;2.522.442.907;1.022.282;2.132.870.768;2.522.442.907;1.193.548.443;2.522.442.907;2.266.086.491;2.522.442.907;2
287;1.613.749.481;151.013.564;1.452.089.965;1.367.726.851;2.522.442.907;10.266.244;2.152.886.713;2.522.442.907;1.111.434.879;2.522.442.907;2.211.755.779;2.522.442.907;2
288;1.501.635.986;1.472.297.578;1.360.726.644;1.345.098.201;2.522.442.907;10.390.079;2.271.106.422;2.522.442.907;9.701.365.536;2.522.442.907;2.233.115.349;2.522.442.907;2
289;1.489.345.329;1.468.740.484;1.340.388.927;1.358.270.422;2.522.442.907;10.425.766;2.281.959.239;2.522.442.907;9.412.482.076;2.522.442.907;2.225.315.017;2.522.442.907;2
290;1.495.980.623;1.476.170.242;1.367.731.488;1.500.054.076;2.522.442.907;10.363.201;2.428.308.152;2.522.442.907;1.037.712.014;2.522.442.907;2.401.727.349;2.522.442.907;2
291;1.604.617.301;1.564.092.734;1.458.282.353;1.436.945.592;2.522.442.907;10.312.203;2.222.334.851;2.522.442.907;1.064.647.889;2.522.442.907;2.257.454.907;2.522.442.907;2
303;1.463.368.858;1.456.199.308;1.328.148.097;1.460.989.869;2.522.442.907;10.348.134;2.244.075.972;2.522.442.907;1.031.913.052;2.522.442.907;2.198.370.381;2.522.442.907;2
304;1.562.099.654;1.528.022.145;1.445.248.443;1.681.286.519;2.522.442.907;10.450.975;3.444.983.419;2.522.442.907;1.037.301.619;2.522.442.907;3.275.529.965;2.522.442.907;2
336;1.759.331.488;1.623.694.118;1.555.157.093;1.515.766.505;2.522.442.907;10.194.849;2.046.391.972;2.522.442.907;1.155.782.907;2.522.442.907;2.226.810.367;2.522.442.907;2
337;171.383.391;1.589.844.983;1.511.325.952;1.502.497.481;2.522.442.907;10.128.927;1.927.233.564;2.522.442.907;1.197.619.585;2.522.442.907;2.115.122.173;2.522.442.907;2
338;1.659.319.031;1.537.893.426;1.453.687.197;1.467.466.657;2.522.442.907;10.184.375;203.675.683;2.522.442.907;1.231.447.779;2.522.442.907;223.052.645;2.522.442.907;2
339;1.675.617.993;1.544.177.163;1.463.853.287;1.424.385.024;2.522.442.907;10.168.274;1.992.902.893;2.522.442.907;1.270.992.471;2.522.442.907;2.214.098.491;2.522.442.907;2
341;1.655.921.107;1.532.488.581;1.438.696.194;1.345.103.696;2.522.442.907;10.289.413;2.137.048.083;2.522.442.907;1.138.407.986;2.522.442.907;2.264.198.879;2.522.442.907;2
364;1.668.592.388;153.566.782;1.446.290.657;151.972.782;2.522.442.907;10.194.478;1.923.328.055;2.522.442.907;1.169.900.138;2.522.442.907;210.844.717;2.522.442.907;2
365;1.660.170.242;1.530.260.208;1.437.212.457;1.471.594.381;2.522.442.907;10.264.366;2.075.144.512;2.522.442.907;118.016.555;2.522.442.907;2.252.678.865;2.522.442.907;2
387;1.465.555.709;1.466.714.187;1.156.775.087;1.779.582.062;2.522.442.907;10.425.162;2.536.866.339;2.522.442.907;1.209.818.519;2.522.442.907;3.130.741.093;2.522.442.907;2
388;1.511.815.917;1.490.733.564;120.624.083;1.637.351.723;2.522.442.907;10.453.765;2.381.121.301;2.522.442.907;1.109.673.758;2.522.442.907;2.815.567.073;2.522.442.907;2
391;1.484.444.291;1.507.541.869;1.220.993.772;1.717.887.142;2.522.442.907;10.427.174;2.396.564.263;2.522.442.907;1.133.969.287;2.522.442.907;2.920.435.363;2.522.442.907;2
392;1.512.434.602;1.474.683.737;1.189.738.408;1.661.644.983;2.522.442.907;10.373.653;2.222.296.332;2.522.442.907;1.163.660.678;2.522.442.907;2.737.621.412;2.522.442.907;2
405;1.655.161.246;1.522.024.913;1.266.001.384;1.626.973.121;2.522.442.907;10.491.865;2.443.650.256;2.522.442.907;1.065.291.931;2.522.442.907;2.946.111.903;2.522.442.907;2
416;1.548.764.014;1.442.870.588;1.210.117.647;2.357.668.152;2.522.442.907;9.929.653;1.942.777.384;2.522.442.907;1.936.826.602;2.522.442.907;2.403.277.841;2.522.442.907;2
434;1.530.675.433;1.423.916.955;1.179.338.408;23.647.889;2.522.442.907;10.060.715;2.297.433.384;2.522.442.907;1.927.830.879;2.522.442.907;2.764.385.467;2.522.442.907;2
2;1.325.789.619;1.349.595.848;1.125.283.045;1.409.960.803;2.525.107.266;9.537.767;2.246.384.872;2.525.107.266;8.229.619.792;2.525.107.266;2.239.401.578;2.525.107.266;3
3;1.162.687.889;1.183.140.484;8.700.955.017;1.413.049.356;2.525.107.266;937.549;1.845.353.965;2.525.107.266;9.323.623.391;2.525.107.266;1.916.700.595;2.525.107.266;3
4;1.050.047.059;1.060.350.173;9.460.678.201;173.461.164;2.525.107.266;9.422.446;2.311.577.467;2.525.107.266;1.105.304.152;2.525.107.266;2.469.417.121;2.525.107.266;3
5;1.371.986.159;1.307.341.176;1.172.838.754;1.739.617.619;2.525.107.266;9.442.769;2.319.069.813;2.525.107.266;1.151.181.993;2.525.107.266;248.046.263;2.525.107.266;3
6;1.497.929.412;1.433.804.844;1.224.555.017;2.059.971.183;2.525.107.266;9.389.227;2.352.380.471;2.525.107.266;1.529.495.848;2.525.107.266;2.621.476.512;2.525.107.266;3
7;146.387.128;1.398.815.225;1.175.572.318;2.257.063.308;2.525.107.266;9.132.314;2.062.329.398;2.525.107.266;1.868.558.173;2.525.107.266;2.427.991.322;2.525.107.266;3
8;1.383.712.111;132.963.045;1.132.808.304;1.503.208.443;2.525.107.266;9.094.431;1.383.372.609;2.525.107.266;1.293.220.997;2.525.107.266;1.518.488.761;2.525.107.266;3
9;1.581.530.796;1.553.570.934;1.417.417.301;1.467.610.547;2.525.107.266;946.266;2.163.387.917;2.525.107.266;9.536.852.042;2.525.107.266;2.164.640.249;2.525.107.266;3
10;148.982.699;1.500.058.131;1.302.052.595;131.876.728;2.525.107.266;9.348.557;1.535.471.626;2.525.107.266;9.181.153.218;2.525.107.266;1.567.503.308;2.525.107.266;3
11;1.392.395.848;138.313.218;1.196.469.204;1.417.991.253;2.525.107.266;9.319.834;1.510.664.872;2.525.107.266;100.404.537;2.525.107.266;1.612.951.045;2.525.107.266;3
16;1.248.207.612;1.240.903.806;8.834.020.761;1.864.487.779;2.524.574.394;9.160.711;1.811.391.986;2.525.107.266;1.478.370.201;2.525.107.266;1.987.120.927;2.525.107.266;3
17;1.555.565.398;1.545.597.232;1.413.669.204;158.259.063;2.524.574.394;9.455.987;2.420.700.457;2.525.107.266;1.020.325.495;2.525.107.266;2.468.073.273;2.525.107.266;3
18;151.256.609;1.516.382.007;1.330.556.401;158.310.364;2.524.574.394;9.428.267;220.669.463;2.525.107.266;1.045.276.083;2.525.107.266;2.245.801.509;2.525.107.266;3
19;1.507.042.215;149.320.692;1.278.483.045;1.606.866.201;2.524.574.394;9.398.728;1.956.539.336;2.525.107.266;1.094.419.156;2.525.107.266;2.063.127.779;2.525.107.266;3
20;1.484.174.394;1.470.033.218;1.247.310.727;1.608.869.965;2.524.574.394;9.377.066;1.829.328.997;2.525.107.266;112.182.364;2.525.107.266;1.994.003.045;2.525.107.266;3
21;1.504.346.021;1.462.711.419;1.251.000.692;158.009.182;2.524.574.394;9.400.902;1.843.743.211;2.525.107.266;1.099.206.478;2.525.107.266;2.009.623.197;2.525.107.266;3
22;1.493.252.595;1.445.555.709;1.226.654.671;1.689.761.356;2.524.574.394;948.383;2.455.750.381;2.525.107.266;110.348.454;2.525.107.266;2.557.860.651;2.525.107.266;3
23;1.429.161.246;1.383.910.035;1.149.795.156;1.749.085.232;2.524.574.394;9.133.669;163.016.573;2.525.107.266;1.442.373.384;2.525.107.266;1.792.442.893;2.525.107.266;3
24;1.381.767.474;1.340.567.474;9.987.058.824;219.678.883;2.524.574.394;903.046;1.830.063.626;2.525.107.266;1.808.453.592;2.525.107.266;2.013.523.474;2.525.107.266;3
25;1.565.498.962;1.535.182.007;1.416.052.595;1.575.472.997;2.524.574.394;9.449.264;2.410.612.388;2.525.107.266;10345.28;2.525.107.266;2.463.879.225;2.525.107.266;3
26;1.530.563.322;1.525.378.547;1.371.860.208;157.593.517;2.524.574.394;945.641;2.427.488.858;2.525.107.266;1.032.721.218;2.525.107.266;2.443.756.734;2.525.107.266;3
27;1.502.538.408;1.488.059.516;1.297.216.609;1.595.091.128;2.524.574.394;9.422.926;2.161.857.273;2.525.107.266;1.072.576.595;2.525.107.266;2.214.131.211;2.525.107.266;3
28;1.473.183.391;1.459.450.519;1.253.152.941;1.600.243.128;2.524.574.394;9.423.648;1.951.325.481;2.525.107.266;1.087.177.938;2.525.107.266;2.076.316.872;2.525.107.266;3
29;1.456.791.696;1.435.629.066;1.224.892.734;1.593.563.917;2.524.574.394;9.413.798;1.886.882.893;2.525.107.266;1.076.245.827;2.525.107.266;20.310.911;2.525.107.266;3
30;1.452.674.048;1.410.419.377;1.220.775.087;1.677.989.675;2.524.574.394;9.384.019;2.130.176.221;2.525.107.266;1.114.936.498;2.525.107.266;2.255.767.709;2.525.107.266;3
31;138.096.609;1.362.153.633;1.150.015.225;1.854.767.433;2.524.574.394;9.083.666;1.963.104.401;2.525.107.266;1.381.370.353;2.525.107.266;2.076.609.536;2.525.107.266;3
32;1.419.346.713;1.380.981.315;1.079.862.976;2.279.420.055;2.524.574.394;8.967.259;2.223.095.045;2.525.107.266;1.872.304.983;2.525.107.266;2.342.402.547;2.525.107.266;3
37;1.516.395.848;1.469.583.391;1.292.993.772;1.738.124.125;2.525.107.266;94.518.795;2.282.396.208;2.525.107.266;1.107.320.055;2.525.107.266;2.390.310.574;2.525.107.266;3
38;1.437.287.197;1.429.190.311;120.057.301;1.746.486.021;2.525.107.266;9.372.093;2.128.608.166;2.525.107.266;1.123.900.692;2.525.107.266;2.209.916.983;2.525.107.266;3
39;1.415.965.398;1.411.921.107;1.171.302.422;1.660.416.997;2.525.107.266;921.159;1.926.276.083;2.525.107.266;1.133.541.038;2.525.107.266;194.025.492;2.525.107.266;3
40;1.422.286.505;1.405.779.931;1.157.418.685;1.909.907.529;2.525.107.266;9.204;2.292.494.754;2.525.107.266;1.333.249.329;2.525.107.266;220.800.526;2.525.107.266;3
41;1.290.801.384;1.196.334.948;1.024.069.204;1.525.167.294;2.522.138.408;10.317.248;2.395.192.581;2.522.138.408;1.093.083.765;2.522.138.408;2.194.285.163;2.522.138.408;3
42;137.630.173;1.293.536.332;1.071.446.367;1.440.547.308;2.522.138.408;10.153.234;1.760.443.488;2.522.138.408;1.196.504.997;2.522.138.408;1.680.328.983;2.522.138.408;3
43;1.409.457.439;1.357.086.505;1.114.956.401;1.500.610.893;2.522.138.408;10.172.287;191.357.045;2.522.138.408;1.255.323.585;2.522.138.408;1.873.536.291;2.522.138.408;3
44;1.502.155.017;1.438.687.889;1.206.110.727;1.505.347.142;2.522.138.408;10.161.001;1.945.163.031;2.522.138.408;1.261.476.332;2.522.138.408;197.093.092;2.522.138.408;3
45;1.529.883.737;145.672.526;1.237.093.426;1.558.713.882;2.522.138.408;10.149.475;2.026.882.588;2.522.138.408;1.308.805.329;2.522.138.408;2.085.318.353;2.522.138.408;3
46;1.559.579.239;1.473.839.446;1.255.251.211;1.571.367.792;2.522.138.408;10.165.182;2.081.452.125;2.522.138.408;1.329.039.585;2.522.138.408;2.149.575.183;2.522.138.408;3
47;1.593.191.696;1.506.754.325;1.306.610.381;1.542.139.433;2.522.138.408;10.179.324;1.989.660.581;2.522.138.408;1.334.723.792;2.522.138.408;2.064.098.754;2.522.138.408;3
48;1.660.352.941;1.540.214.533;1.367.015.917;1.587.137.315;2.522.138.408;10.190.646;1.943.543.668;2.522.138.408;1.364.286.464;2.522.138.408;202.237.391;2.522.138.408;3
49;1.689.511.419;1.583.177.855;1.399.467.128;1.702.253.522;2.522.138.408;10.184.931;2.020.173.716;2.522.138.408;1.403.625.716;2.522.138.408;2.102.216.692;2.522.138.408;3
54;1.263.060.208;1.173.443.599;9.873.024.221;1.539.361.024;2.522.138.408;10.312.502;2.157.945.606;2.522.138.408;1.113.100.415;2.522.138.408;2.013.885.273;2.522.138.408;3
56;1.367.666.436;1.325.821.453;1.108.091.349;158.048.155;2.522.138.408;10.423.994;2.583.470.796;2.522.138.408;1.094.354.408;2.522.138.408;2.400.924.304;2.522.138.408;3
57;1.442.232.526;1.424.316.955;1.188.247.751;1.581.122.131;2.522.138.408;10.427.997;2.817.881.218;2.522.138.408;1.104.179.294;2.522.138.408;2.699.213.121;2.522.138.408;3
58;1.507.730.104;1.474.710.035;1.240.848.443;15575.88;2.522.138.408;10.392.323;2.732.264.526;2.522.138.408;1.125.005.301;2.522.138.408;2.705.133.979;2.522.138.408;3
59;1.522.401.384;1.491.151.557;1.254.189.619;1.574.543.363;2.522.138.408;10.406.244;2.801.028.692;2.522.138.408;1.131.350.464;2.522.138.408;2.799.929.536;2.522.138.408;3
60;1.529.507.266;1.496.424.913;1.297.608.304;1.552.185.273;2.522.138.408;10.381.749;2.628.266.048;2.522.138.408;1.157.178.367;2.522.138.408;2.621.452.055;2.522.138.408;3
61;152.020.346;1.502.510.727;1.284.333.564;1.619.266.408;2.522.138.408;1.040.368;2.526.038.159;2.522.138.408;1.180.279.073;2.522.138.408;2.519.694.519;2.522.138.408;3
62;1.604.570.242;1.546.622.837;1.344.016.609;1.736.983.792;2.522.138.408;10.384.518;2.646.885.799;2.522.138.408;1.236.948.415;2.522.138.408;2.602.020.125;2.522.138.408;3
63;1.595.465.744;1.540.257.439;1.346.239.446;1.830.467.737;2.522.138.408;1.037.817;2.652.207.239;2.522.138.408;1.274.878.713;2.522.138.408;2.610.690.713;2.522.138.408;3
64;1.530.754.325;1.520.465.052;1.280.388.927;1.729.053.689;2.522.138.408;10.427.461;2.193.451.862;2.522.138.408;1.177.789.093;2.522.138.408;2.189.588.789;2.522.138.408;3
65;1.601.838.062;1.517.152.941;1.328.891.349;166.351.272;2.522.138.408;10.388.776;1.962.624.083;2.522.138.408;1.190.968.055;2.522.138.408;2.011.877.301;2.522.138.408;3
67;1.234.521.799;1.173.301.038;9.514.782.007;1.491.111.336;2.522.138.408;10.305.073;2.021.462.284;2.522.138.408;1.122.030.021;2.522.138.408;1.923.010.298;2.522.138.408;3
68;1.260.267.128;1.205.572.318;9.896.692.042;1.500.265.467;2.522.138.408;10.400.847;2.141.935.391;2.522.138.408;1.070.671.599;2.522.138.408;2.011.016.567;2.522.138.408;3
69;1.300.120.415;128.723.737;1.064.937.024;1.549.622.962;2.522.138.408;10.547.122;2.627.214.962;2.522.138.408;999.276.083;2.522.138.408;23.987.351;2.522.138.408;3
70;1.401.550.173;1.390.334.948;1.169.550.173;1.551.631.972;2.522.138.408;10.567.096;2.996.113.232;2.522.138.408;1.013.343.294;2.522.138.408;2.805.865.287;2.522.138.408;3
71;1.430.261.592;1.435.353.633;120.740.346;1.540.301.633;2.522.138.408;10.554.696;3.047.307.571;2.522.138.408;1.030.670.976;2.522.138.408;2.960.399.875;2.522.138.408;3
74;1.482.878.893;1.474.384.775;1.263.128.028;1.571.454.311;2.522.138.408;10.557.492;2.716.860.291;2.522.138.408;1.059.539.931;2.522.138.408;2.664.626.657;2.522.138.408;3
75;1.511.575.087;1.478.714.187;1.272.667.128;1.628.217.952;2.522.138.408;10.510.882;2.467.263.239;2.522.138.408;1.091.482.118;2.522.138.408;2.460.523.557;2.522.138.408;3
77;1.460.307.266;1.475.692.734;1.241.720.415;1.619.405.952;2.522.138.408;10.378.219;207.647.164;2.522.138.408;1.147.934.754;2.522.138.408;2.057.050.035;2.522.138.408;3
78;1.571.414.533;1.503.357.785;1.322.047.059;1.604.780.443;2.522.138.408;10.348.165;1.893.823.972;2.522.138.408;1.181.506.311;2.522.138.408;1.909.615.543;2.522.138.408;3
80;1.230.455.363;1.241.378.547;9.498.712.803;1.590.112.609;2.522.138.408;10.348.648;2.586.902.713;2.522.138.408;1.100.369.938;2.522.138.408;2.400.201.301;2.522.138.408;3
81;1.118.153.633;117.449.827;891.716.263;152.823.636;2.522.138.408;10.467.055;2.468.618.228;2.522.138.408;1.014.757.439;2.522.138.408;2.295.306.727;2.522.138.408;3
82;1.285.878.201;127.632.526;1.055.348.097;1.492.200.484;2.522.138.408;10.552.182;2.547.707.308;2.522.138.408;977.857.564;2.522.138.408;2.337.327.446;2.522.138.408;3
83;1.364.668.512;136.855.917;1.143.097.578;1.516.547.682;2.522.138.408;10.569.245;2.813.270.768;2.522.138.408;9.937.485.121;2.522.138.408;2.655.071.875;2.522.138.408;3
84;1.421.552.941;1.417.280.277;1.208.870.588;1.504.454.381;2.522.138.408;10.604.722;307.625.326;2.522.138.408;9.688.807.474;2.522.138.408;2.963.739.308;2.522.138.408;3
86;1.460.593.772;1.472.707.266;1.260.488.581;1.500.855.336;2.522.138.408;10.609.283;3.061.701.481;2.522.138.408;961.399.045;2.522.138.408;2.999.466.768;2.522.138.408;3
87;1.490.798.616;1.487.984.775;1.280.817.993;1.513.401.979;2.522.138.408;10.599.631;2.887.654.547;2.522.138.408;9.729.268.927;2.522.138.408;2.797.982.187;2.522.138.408;3
88;1.492.726.644;1.479.408.997;1.277.235.986;1.551.835.003;2.522.138.408;10.582.915;2.666.943.903;2.522.138.408;9.930.258.962;2.522.138.408;2.589.683.765;2.522.138.408;3
89;1.469.492.042;1.469.006.228;1.271.233.218;1.603.226.464;2.522.138.408;1.060.801;2.681.787.031;2.522.138.408;9.864.542.284;2.522.138.408;2.606.539.349;2.522.138.408;3
90;1.480.181.315;1.485.912.803;1.275.815.917;1.599.541.716;2.522.138.408;10.357.143;2.214.128.415;2.522.138.408;1.124.152.249;2.522.138.408;2.209.814.145;2.522.138.408;3
91;1.547.986.159;1.525.824.221;1.356.303.114;1.710.100.388;2.522.138.408;10.555.222;2.894.620.498;2.522.138.408;1.015.472.664;2.522.138.408;2.844.773.522;2.522.138.408;3
93;1.239.186.159;1.261.141.869;9.724.124.567;1.730.553.744;2.522.138.408;10.407.745;2.908.357.052;2.522.138.408;1.132.437.495;2.522.138.408;2.725.397.453;2.522.138.408;3
94;1.187.980.623;1.193.541.869;9.519.460.208;1.440.032.194;2.522.138.408;10.566.252;2.676.779.571;2.522.138.408;9.281.226.298;2.522.138.408;2.437.246.754;2.522.138.408;3
95;1.270.764.014;1.270.548.097;1.073.307.958;1.417.594.616;2.522.138.408;10.564.521;2.446.972.734;2.522.138.408;9.585.010.796;2.522.138.408;2.286.980.803;2.522.138.408;3
96;1.346.599.308;1.352.650.519;1.152.593.772;1.450.056.664;2.522.138.408;1.056.696;2.573.556.249;2.522.138.408;9.644.072.249;2.522.138.408;244.646.537;2.522.138.408;3
97;1.419.565.398;1.400.606.228;121.177.301;1.488.876.554;2.522.138.408;105.708.885;2.815.621.522;2.522.138.408;9.728.176.194;2.522.138.408;2.747.986.367;2.522.138.408;3
98;1.442.256.055;144.833.218;1.243.479.585;1.494.537.149;2.522.138.408;10.592.398;2.945.065.246;2.522.138.408;9.573.722.907;2.522.138.408;2.927.780.747;2.522.138.408;3
99;1.464.625.606;1.477.982.007;1.295.312.111;151.355.391;2.522.138.408;10.581.542;2.948.877.799;2.522.138.408;9.696.863.391;2.522.138.408;2.957.229.619;2.522.138.408;3
100;1.477.829.758;1.490.948.097;130.617.301;152.568.937;2.522.138.408;10.563.489;2.858.798.464;2.522.138.408;9.791.050.381;2.522.138.408;2.852.754.242;2.522.138.408;3
101;1.506.885.813;1.496.470.588;1.318.365.398;1.541.817.772;2.522.138.408;10.578.827;2.777.608.775;2.522.138.408;9.790.345.606;2.522.138.408;2.718.267.931;2.522.138.408;3
102;1.479.573.702;1.482.260.208;1.302.545.329;1.562.106.408;2.522.138.408;10.603.936;266.088.836;2.522.138.408;970.318.782;2.522.138.408;2.602.764.678;2.522.138.408;3
103;1.460.019.377;1.471.241.522;1.309.617.993;1.692.196.401;2.522.138.408;105.029.745;279.139.899;2.522.138.408;1.070.160.484;2.522.138.408;2.747.148.457;2.522.138.408;3
104;1.570.685.121;156.170.519;1.393.519.723;1.553.067.709;2.522.138.408;10.531.902;2.542.297.315;2.522.138.408;9.770.924.706;2.522.138.408;2.486.910.284;2.522.138.408;3
106;1.350.541.176;1.356.955.017;1.109.097.578;1.903.640.208;2.522.138.408;10.394.711;3.084.975.017;2.522.138.408;1.266.640.554;2.522.138.408;3.012.621.993;2.522.138.408;3
107;1.273.114.187;1.279.361.938;1.036.981.315;1.411.894.159;2.522.138.408;10.484.754;2.461.477.744;2.522.138.408;9.794.024.221;2.522.138.408;2.316.012.858;2.522.138.408;3
108;1.286.034.602;1.319.421.453;1.101.168.166;1.417.160.318;2.522.138.408;10.560.391;2.483.213.924;2.522.138.408;9.534.756.678;2.522.138.408;2.344.965.689;2.522.138.408;3
109;1.387.521.107;1.393.828.374;1.192.574.394;1.434.673.979;2.522.138.408;10.536.809;2.451.815.336;2.522.138.408;9.681.573.979;2.522.138.408;2.343.124.194;2.522.138.408;3
110;14.520.609;14.312.609;1.247.154.325;1.480.003.958;2.522.138.408;10.528.913;2.580.736.055;2.522.138.408;98.539.791;2.522.138.408;2.522.282.104;2.522.138.408;3
111;1.488.899.654;1.481.947.405;1.299.462.976;1.527.584.249;2.522.138.408;10.558.965;2.851.884.166;2.522.138.408;9.836.668.651;2.522.138.408;2.839.465.218;2.522.138.408;3
112;1.486.729.412;1.501.688.581;1.317.104.498;1.506.645.522;2.522.138.408;10.548.029;2.797.746.574;2.522.138.408;982.735.391;2.522.138.408;2.826.362.381;2.522.138.408;3
113;1.528.899.654;1.503.860.208;1.365.714.879;1.511.192.554;2.522.138.408;105.817.995;2.883.839.294;2.522.138.408;9.548.530.657;2.522.138.408;2.897.642.547;2.522.138.408;3
114;151.726.782;1.506.449.827;1.342.578.547;1.528.160.042;2.522.138.408;10.582.448;2.869.206.491;2.522.138.408;9.584.525.675;2.522.138.408;2.850.849.993;2.522.138.408;3
115;1.501.651.211;1.504.624.221;1.329.141.869;1.529.264.664;2.522.138.408;10.505.544;2.468.613.827;2.522.138.408;1.021.268.443;2.522.138.408;2.471.710.242;2.522.138.408;3
116;1.553.458.824;1.503.128.028;1.366.698.962;1.588.721.592;2.522.138.408;10.452.794;2.316.816.484;2.522.138.408;1.064.910.464;2.522.138.408;2.354.490.159;2.522.138.408;3
117;158.749.481;1.542.798.616;1.417.389.619;1.552.548.844;2.522.138.408;10.560.327;2.409.300.014;2.522.138.408;981.759.917;2.522.138.408;242.646.328;2.522.138.408;3
119;1.323.576.471;1.387.838.062;1.075.231.834;2.023.868.042;2.522.138.408;10.333.706;2.883.323.945;2.522.138.408;1.327.642.353;2.522.138.408;2.980.930.713;2.522.138.408;3
120;1.287.028.374;1.345.624.913;1.049.180.623;1.454.011.931;2.522.138.408;10.593.365;3.065.104.969;2.522.138.408;9.103.838.339;2.522.138.408;2.905.373.412;2.522.138.408;3
121;133.643.737;1.344.370.934;1.139.191.696;1.416.791.142;2.522.138.408;10.554.952;2.521.866.311;2.522.138.408;9.486.349.758;2.522.138.408;2.394.584.277;2.522.138.408;3
122;1.444.842.907;1.421.738.408;1.241.764.706;1.440.259.612;2.522.138.408;10.509.855;2.312.460.664;2.522.138.408;9.786.781.176;2.522.138.408;2.227.027.557;2.522.138.408;3
123;1.474.419.377;1.447.970.934;1.291.342.561;1.499.079.266;2.522.138.408;10.496.539;2.395.170.962;2.522.138.408;1.000.093.689;2.522.138.408;231.804.036;2.522.138.408;3
124;1.502.130.104;1.489.299.654;1.342.408.304;1.547.209.163;2.522.138.408;10.536.154;2.719.670.201;2.522.138.408;9.905.640.138;2.522.138.408;266.138.609;2.522.138.408;3
125;1.497.634.602;1.504.341.869;1.351.791.003;1.556.765.287;2.522.138.408;10.572.782;2.910.821.813;2.522.138.408;9.696.602.076;2.522.138.408;2.918.697.716;2.522.138.408;3
127;149.553.218;1.512.733.564;1.340.513.495;1.556.450.851;2.522.138.408;10.549.738;2.858.208.498;2.522.138.408;9.739.886.505;2.522.138.408;2.936.408.166;2.522.138.408;3
128;1.502.292.042;151.887.474;1.338.416.609;1.570.495.322;2.522.138.408;10.567.739;2.876.204.913;2.522.138.408;9.758.677.232;2.522.138.408;289.195.982;2.522.138.408;3
129;1.510.202.076;1.525.114.187;1.332.646.367;1.600.341.924;2.522.138.408;10.503.038;2.601.890.298;2.522.138.408;1.028.810.408;2.522.138.408;2.632.446.242;2.522.138.408;3
130;1.495.980.623;1.520.907.958;1.348.823.529;1.577.358.353;2.522.138.408;10.523.856;2.407.642.284;2.522.138.408;1.013.375.903;2.522.138.408;2.469.228.997;2.522.138.408;3
131;1.550.523.183;1.540.228.374;1.411.706.574;157.549.164;2.522.138.408;10.500.015;2.300.690.616;2.522.138.408;1.043.511.225;2.522.138.408;2.344.865.882;2.522.138.408;3
132;1.326.999.308;1.347.256.747;1.127.467.128;199.332.746;2.522.138.408;10.258.416;2.684.689.301;2.522.138.408;1.351.457.606;2.522.138.408;2.901.495.059;2.522.138.408;3
133;1.289.828.374;1.323.706.574;1.070.182.699;1.512.692.498;2.522.138.408;10.642.773;3.524.703.405;2.522.138.408;8.994.868.651;2.522.138.408;3.467.072.484;2.522.138.408;3
134;1.363.612.457;1.371.096.194;1.154.470.588;1.416.849.952;2.522.138.408;1.051.833;2.566.080.927;2.522.138.408;9.586.551.557;2.522.138.408;2.509.716.706;2.522.138.408;3
135;1.449.144.637;1.430.379.239;1.242.235.294;1.441.715.142;2.522.138.408;10.451.694;2.198.754.602;2.522.138.408;1.015.549.453;2.522.138.408;2.158.242.159;2.522.138.408;3
136;1.497.360.554;147.919.308;1.287.559.862;1.464.375.336;2.522.138.408;10.459.628;219.327.164;2.522.138.408;1.012.573.066;2.522.138.408;2.137.496.595;2.522.138.408;3
137;1.525.447.751;1.506.171.626;1.335.204.152;1.504.475.017;2.522.138.408;10.480.629;2.341.654.699;2.522.138.408;1.008.927.336;2.522.138.408;2.295.878.865;2.522.138.408;3
138;1.578.206.228;1.540.827.682;1.400.397.232;1.556.412.388;2.522.138.408;10.422.366;2.389.955.516;2.522.138.408;1.070.640.775;2.522.138.408;2.460.384.651;2.522.138.408;3
139;1.624.517.647;1.545.717.647;1.434.644.983;1.560.288.595;2.522.138.408;10.449.021;2.489.898.381;2.522.138.408;1.054.195.737;2.522.138.408;2.639.953.938;2.522.138.408;3
140;1.598.191.003;1.541.713.495;1.409.402.076;1.549.986.408;2.522.138.408;10.465.074;2.531.014.187;2.522.138.408;1.031.417.384;2.522.138.408;2.686.973.855;2.522.138.408;3
141;1.584.080.277;154.410.519;1.410.029.066;1.548.449.052;2.522.138.408;10.483.622;2.584.209.716;2.522.138.408;1.024.520.803;2.522.138.408;2.709.552.803;2.522.138.408;3
142;1.583.482.353;1.532.034.602;1.405.043.599;1.560.934.367;2.522.138.408;10.502.733;2.599.259.474;2.522.138.408;1.038.956.429;2.522.138.408;2.640.760.789;2.522.138.408;3
143;1.573.547.405;1.520.359.862;1.397.310.727;1.561.718.076;2.522.138.408;10.518.463;2.359.457.896;2.522.138.408;1.027.092.484;2.522.138.408;2.418.995.585;2.522.138.408;3
144;1.573.793.772;1.548.620.069;143.132.872;1.558.024.872;2.522.138.408;10.513.907;237.695.301;2.522.138.408;1.035.274.893;2.522.138.408;2.414.209.772;2.522.138.408;3
145;1.397.595.848;1.399.623.529;1.185.262.284;2.156.441.495;2.522.138.408;10.234.412;2.709.325.509;2.522.138.408;1.471.010.782;2.522.138.408;3.033.028.609;2.522.138.408;3
147;1.395.415.917;1.430.387.543;1.186.841.522;1.440.586.381;2.522.138.408;10.587.879;2.823.470.727;2.522.138.408;9.246.220.484;2.522.138.408;2.817.170.242;2.522.138.408;3
148;1.406.491.349;1.455.609.689;1.222.856.747;147.041.182;2.522.138.408;10.637.014;2.718.151.626;2.522.138.408;9.106.567.751;2.522.138.408;2.626.190.118;2.522.138.408;3
149;1.416.764.014;1.476.786.159;1.240.708.651;1.520.175.626;2.522.138.408;10.678.525;2.720.621.149;2.522.138.408;8.964.090.242;2.522.138.408;2.595.060.471;2.522.138.408;3
150;1.429.076.817;1.494.516.263;125.266.436;1.550.877.218;2.522.138.408;10.686.693;2.818.280.318;2.522.138.408;8.985.486.367;2.522.138.408;2.659.352.125;2.522.138.408;3
151;1.450.563.322;1.511.438.062;1.271.523.875;1.602.328.097;2.522.138.408;1.066.507;3.020.559.737;2.522.138.408;9.224.772.318;2.522.138.408;2.936.824.678;2.522.138.408;3
152;1.502.422.145;1.545.934.948;1.322.085.813;1.600.801.412;2.522.138.408;10.581.068;2.875.992.042;2.522.138.408;986.847.128;2.522.138.408;2.965.543.903;2.522.138.408;3
153;1.564.200.692;1.555.786.851;1.371.558.478;1.596.307.003;2.522.138.408;10.594.597;2.933.515.128;2.522.138.408;9.809.418.408;2.522.138.408;3.066.547.723;2.522.138.408;3
154;1.550.866.436;1.561.505.882;1.368.937.024;1.574.780.872;2.522.138.408;10.638.223;3.084.011.848;2.522.138.408;9.510.880.692;2.522.138.408;3.163.643.336;2.522.138.408;3
155;1.529.887.889;1.555.231.834;1.358.145.329;1.594.317.232;2.522.138.408;10.583.395;2.958.225.453;2.522.138.408;997.319.737;2.522.138.408;299.576.555;2.522.138.408;3
156;1.530.698.962;1.557.570.934;1.357.817.301;1.633.555.986;2.522.138.408;10.539.372;2.777.205.965;2.522.138.408;1.067.310.824;2.522.138.408;2.823.881.979;2.522.138.408;3
157;1.569.399.308;1.561.904.498;1.394.394.464;1.615.075.474;2.522.138.408;10.475.676;2.563.525.606;2.522.138.408;1.097.878.505;2.522.138.408;2.614.647.599;2.522.138.408;3
158;1.487.431.142;1.476.808.304;127.577.301;2.007.734.685;2.522.138.408;10.298.288;2.784.003.502;2.522.138.408;1.386.296.512;2.522.138.408;3.088.319.765;2.522.138.408;3
159;1.399.979.239;1.443.789.619;1.208.723.875;149.543.027;2.522.138.408;10.543.443;3.026.411.502;2.522.138.408;9.730.098.131;2.522.138.408;3.147.248.858;2.522.138.408;3
161;1.463.975.087;150.686.782;1.270.478.893;1.491.983.529;2.522.138.408;10.653.195;2.900.730.547;2.522.138.408;9.256.706.436;2.522.138.408;2.885.399.585;2.522.138.408;3
162;1.446.415.225;1.498.531.488;1.270.091.349;1.509.905.633;2.522.138.408;10.709.955;2.834.017.689;2.522.138.408;8.923.196.955;2.522.138.408;2.732.472.734;2.522.138.408;3
163;14.408.609;1.509.187.543;1.267.806.228;154.315.074;2.522.138.408;10.692.641;2.816.710.325;2.522.138.408;9.011.807.474;2.522.138.408;2.659.048.097;2.522.138.408;3
164;1.431.597.232;1.517.828.374;1.256.885.813;1.582.995.696;2.522.138.408;10.683.559;2.966.001.869;2.522.138.408;9.177.170.381;2.522.138.408;2.817.416.623;2.522.138.408;3
165;1.450.889.965;1.554.758.478;12.655.391;1.617.608.083;2.522.138.408;10.710.957;3.291.313.744;2.522.138.408;9.021.967.474;2.522.138.408;323.103.045;2.522.138.408;3
166;1.481.547.405;1.554.589.619;1.296.992.388;1.587.971.972;2.522.138.408;10.688.169;321.463.499;2.522.138.408;9.264.094.948;2.522.138.408;3.245.843.945;2.522.138.408;3
167;1.485.415.917;1.549.604.152;1.302.220.069;1.570.137.149;2.522.138.408;10.688.603;3.262.179.017;2.522.138.408;9.249.540.208;2.522.138.408;3.284.214.851;2.522.138.408;3
168;1.519.332.872;155.927.474;1.334.816.609;159.210.281;2.522.138.408;10.629.619;3.313.469.107;2.522.138.408;9.696.650.796;2.522.138.408;333.733.791;2.522.138.408;3
169;1.525.770.242;1.568.282.353;1.354.885.813;1.492.401.924;2.522.138.408;105.292.635;2.447.042.588;2.522.138.408;1.027.499.958;2.522.138.408;2.492.796.969;2.522.138.408;3
170;1.555.609.689;1.535.645.675;1.388.103.806;1.534.431.211;2.522.138.408;10.448.681;2.268.093.024;2.522.138.408;1.097.440.498;2.522.138.408;2.346.624.152;2.522.138.408;3
171;1.647.194.464;1.586.661.592;1.477.696.886;1.577.243.986;2.522.138.408;10.191.248;1.963.213.509;2.522.138.408;1.248.141.149;2.522.138.408;2.107.611.903;2.522.138.408;3
172;1.561.395.156;1.571.916.955;1.400.328.028;151.098.328;2.522.138.408;1.023.424;1.978.242.962;2.522.138.408;1.200.332.983;2.522.138.408;2.151.721.702;2.522.138.408;3
173;1.553.461.592;157.769.827;1.374.602.076;1.488.240.526;2.522.138.408;10.398.869;2.494.345.592;2.522.138.408;1.110.037.744;2.522.138.408;2.657.805.827;2.522.138.408;3
174;1.537.442.215;1.557.916.955;1.361.065.744;1.466.469.702;2.522.138.408;104.654.665;2.540.211.045;2.522.138.408;1.076.592.152;2.522.138.408;2.643.868.761;2.522.138.408;3
175;1.540.501.038;1.566.361.246;1.368.894.118;1.490.444.111;2.522.138.408;10.494.643;2.525.787.986;2.522.138.408;1.045.131.889;2.522.138.408;2.538.805.246;2.522.138.408;3
176;1.531.141.869;1.541.811.765;1.376.953.633;1.488.800.138;2.522.138.408;10.529.148;2.496.931.114;2.522.138.408;9.988.579.792;2.522.138.408;2.406.178.616;2.522.138.408;3
177;1.537.568.166;1.521.147.405;1.407.469.896;1.502.928.775;2.522.138.408;10.483.192;2.430.545.619;2.522.138.408;1.010.764.332;2.522.138.408;2.336.639.557;2.522.138.408;3
178;157.123.737;1.556.514.879;142.049.827;1.577.856.097;2.522.138.408;10.467.803;2.524.853.855;2.522.138.408;104.707.773;2.522.138.408;2.519.329.135;2.522.138.408;3
179;1.606.193.772;1.583.862.976;1.461.694.118;1.643.042.381;2.522.138.408;10.453.708;2.758.987.322;2.522.138.408;1.091.636.125;2.522.138.408;2.842.447.529;2.522.138.408;3
180;160.353.218;1.601.712.111;1.453.288.581;1.548.381.495;2.522.138.408;1.047.085;261.112.526;2.522.138.408;1.065.928.512;2.522.138.408;273.004.573;2.522.138.408;3
181;1.564.346.021;154.940.346;1.393.278.893;1.409.467.516;2.522.138.408;10.448.449;22.266.449;2.522.138.408;1.039.549.481;2.522.138.408;2.305.581.952;2.522.138.408;3
182;1.560.632.526;1.509.313.495;1.419.792.388;1.437.874.021;2.522.138.408;10.456.402;2.284.267.419;2.522.138.408;1.051.840.567;2.522.138.408;2.343.891.543;2.522.138.408;3
187;152.973.564;1.507.251.211;1.356.247.751;1.468.367.709;2.522.138.408;10.359.189;20.074.849;2.522.138.408;1.140.086.574;2.522.138.408;2.072.988.125;2.522.138.408;3
188;1.562.458.131;1.499.446.367;1.353.039.446;147.540.901;2.522.138.408;103.867.235;1.983.083.405;2.522.138.408;1.136.026.713;2.522.138.408;2.014.687.294;2.522.138.408;3
189;1.558.413.841;145.16;1.350.213.149;1.549.661.772;2.522.138.408;10.418.855;1.905.199.696;2.522.138.408;1.149.700.166;2.522.138.408;1.939.583.958;2.522.138.408;3
190;1.492.567.474;1.420.556.401;1.276.350.173;1.669.058.588;2.522.138.408;10.465.674;1.985.214.007;2.522.138.408;1.145.686.076;2.522.138.408;2.057.116.042;2.522.138.408;3
191;1.460.669.896;1.408.513.495;1.232.889.965;1.600.606.948;2.522.138.408;1.040.111;1.783.800.872;2.522.138.408;1.153.582.533;2.522.138.408;1.824.206.145;2.522.138.408;3
194;142.459.654;1.327.835.294;1.207.510.035;1.986.805.578;2.522.138.408;10.281.086;2.064.834.547;2.522.138.408;1.425.538.851;2.522.138.408;1.801.175.779;2.522.138.408;3
195;1.454.989.619;136.019.654;1.195.385.467;2.179.780.775;2.522.138.408;10.008.711;1.697.962.782;2.522.138.408;1.824.357.952;2.522.138.408;1.471.125.606;2.522.138.408;3
198;1.545.936.332;1.495.944.637;1.400.386.159;1.495.131.336;2.522.138.408;10.506.118;2.384.529.758;2.522.138.408;1.047.384.346;2.522.138.408;2.440.687.765;2.522.138.408;3
199;1.556.881.661;149.262.699;1.380.106.574;1.491.443.308;2.522.138.408;10.361.114;2.044.753.633;2.522.138.408;1.137.148.526;2.522.138.408;2.125.363.405;2.522.138.408;3
200;1.549.634.602;1.500.862.284;1.349.338.408;143.918.883;2.522.138.408;10.359.122;1.904.425.882;2.522.138.408;1.133.083.363;2.522.138.408;1.948.519.516;2.522.138.408;3
201;1.554.094.118;1.442.624.221;1.355.245.675;1.512.557.163;2.522.138.408;10.365.187;1.861.227.848;2.522.138.408;1.162.298.394;2.522.138.408;1.898.775.197;2.522.138.408;3
202;1.487.276.125;1.386.747.405;1.282.546.713;1.590.970.381;2.522.138.408;10.386.309;1.820.424.166;2.522.138.408;1.197.008.346;2.522.138.408;1.851.142.021;2.522.138.408;3
203;1.453.832.526;1.374.721.107;1.231.226.298;156.774.764;2.522.138.408;10.396.675;1.728.939.806;2.522.138.408;117.697.092;2.522.138.408;1.740.945.702;2.522.138.408;3
204;1.447.079.585;1.374.359.862;120.533.564;1.557.983.958;2.522.138.408;10.267.897;1.493.506.242;2.522.138.408;1.212.452.014;2.522.138.408;1.482.126.131;2.522.138.408;3
205;1.422.729.412;1.326.370.934;1.186.985.467;1.594.716.512;2.522.138.408;10.341.207;1.636.254.256;2.522.138.408;119.832.526;2.522.138.408;1.592.047.972;2.522.138.408;3
206;1.393.395.156;1.324.656.055;1.174.388.927;1.846.342.422;2.522.138.408;10.372.368;1.954.123.308;2.522.138.408;1.268.226.242;2.522.138.408;1.850.116.886;2.522.138.408;3
208;1.665.699.654;1.548.189.619;1.518.744.637;1.433.690.381;2.522.138.408;1.037.894;2.125.146.948;2.522.138.408;1.088.469.509;2.522.138.408;2.236.277.647;2.522.138.408;3
209;1.610.960.554;150.743.391;1.462.235.294;1.410.235.363;2.522.138.408;10.442.882;2.282.699.211;2.522.138.408;1.044.643.709;2.522.138.408;2.353.586.685;2.522.138.408;3
210;1.555.943.253;1.459.645.675;1.417.786.851;1.430.481.689;2.522.138.408;10.492.236;2.383.388.678;2.522.138.408;1.020.239.986;2.522.138.408;2.404.329.163;2.522.138.408;3
211;1.538.347.405;1.468.089.965;1.368.524.567;1.513.533.924;2.522.138.408;10.432.647;2.194.927.696;2.522.138.408;1.093.629.412;2.522.138.408;2.275.966.907;2.522.138.408;3
212;1.514.523.183;1.466.888.581;1.340.981.315;1.421.376.734;2.522.138.408;10.386.473;1.846.361.329;2.522.138.408;1.105.671.571;2.522.138.408;1.912.105.606;2.522.138.408;3
213;150.360.692;1.436.829.066;1.327.078.201;1.432.968.069;2.522.138.408;10.377.773;1.770.746.021;2.522.138.408;1.121.050.907;2.522.138.408;183.395.701;2.522.138.408;3
214;1.470.881.661;1.382.597.924;1.280.903.806;1.555.750.713;2.522.138.408;10.398.535;1.842.308.069;2.522.138.408;1.166.771.751;2.522.138.408;1.889.013.066;2.522.138.408;3
215;1.472.968.858;1.356.388.927;1.253.712.111;1.561.447.142;2.522.138.408;10.443.683;1.817.875.239;2.522.138.408;1.135.873.813;2.522.138.408;1.829.635.682;2.522.138.408;3
216;1.469.984.775;1.363.146.021;1.229.184.775;1.579.071.363;2.522.138.408;102.475.195;1.489.949.121;2.522.138.408;1.251.618.768;2.522.138.408;1.523.536.111;2.522.138.408;3
217;1.415.817.301;135.076.263;1.204.632.526;1.631.176.609;2.522.138.408;10.461.202;1.867.257.093;2.522.138.408;1.129.779.792;2.522.138.408;1.898.554.422;2.522.138.408;3
218;1.449.528.028;1.348.208.997;1.217.011.765;2.069.557.218;2.522.138.408;10.341.888;1.993.601.702;2.522.138.408;1.486.418.644;2.522.138.408;2.053.632.761;2.522.138.408;3
220;1.626.582.699;1.532.689.273;1.479.653.979;1.439.386.588;2.522.138.408;10.431.665;229.459.355;2.522.138.408;1.065.557.564;2.522.138.408;2.395.756.789;2.522.138.408;3
221;1.598.971.626;1.491.879.585;1.425.508.651;1.422.373.343;2.522.138.408;10.475.876;2.413.625.924;2.522.138.408;103.467.146;2.522.138.408;2.492.051.405;2.522.138.408;3
222;1.563.346.713;1.481.529.412;1.385.374.394;1.422.836.318;2.522.138.408;10.435.443;2.279.628.332;2.522.138.408;1.053.323.183;2.522.138.408;2.332.321.398;2.522.138.408;3
223;1.513.788.235;1.447.493.426;1.348.178.547;1.522.348.789;2.522.138.408;10.466.343;2.293.083.017;2.522.138.408;1.072.846.561;2.522.138.408;2.349.735.599;2.522.138.408;3
224;1.483.370.242;1.434.340.484;1.345.098.962;1.422.248.111;2.522.138.408;10.483.334;192.294.901;2.522.138.408;1.046.801.979;2.522.138.408;1.990.064.457;2.522.138.408;3
225;1.502.632.526;1.457.474.048;1.342.649.135;1.419.970.713;2.522.138.408;104.928;1.889.014.298;2.522.138.408;1.033.922.021;2.522.138.408;193.843.254;2.522.138.408;3
226;1.467.619.377;1.380.680.969;1.292.853.979;1.488.523.585;2.522.138.408;10.537.511;2.046.223.626;2.522.138.408;1.039.139.211;2.522.138.408;2.037.603.571;2.522.138.408;3
227;1.425.407.612;1.342.653.287;1.225.247.059;152.612.054;2.522.138.408;10.431.026;1.801.283.543;2.522.138.408;1.112.800.138;2.522.138.408;1.782.121.799;2.522.138.408;3
228;1.430.784.775;1.352.513.495;120.384.083;1.460.314.215;2.522.138.408;10.382.523;1.597.026.907;2.522.138.408;1.134.885.979;2.522.138.408;159.899.874;2.522.138.408;3
229;1.383.910.035;1.326.950.865;1.162.888.581;1.554.085.453;2.522.138.408;10.415.656;1.724.695.543;2.522.138.408;1.148.696.125;2.522.138.408;1.753.488.277;2.522.138.408;3
230;1.469.947.405;1.354.343.253;1.238.784.775;2.016.441.896;2.522.138.408;10.317.336;197.888.526;2.522.138.408;1.485.624.263;2.522.138.408;206.196.699;2.522.138.408;3
232;1.615.195.848;1.541.659.516;1.453.291.349;1.413.121.813;2.522.138.408;10.556.939;2.540.480.609;2.522.138.408;9.868.920.277;2.522.138.408;253.870.573;2.522.138.408;3
234;150.179.654;144.709.481;1.343.550.173;1.450.024.318;2.522.138.408;10.542.381;2.608.236.125;2.522.138.408;978.022.519;2.522.138.408;2.625.370.671;2.522.138.408;3
235;1.504.370.934;1.439.629.066;1.350.279.585;1.528.412.083;2.522.138.408;10.448.482;2.315.746.311;2.522.138.408;1.059.380.803;2.522.138.408;2.357.184.844;2.522.138.408;3
236;1.516.034.602;1.458.842.907;1.377.748.097;1.677.770.574;2.522.138.408;10.504.348;2.663.664.471;2.522.138.408;1.072.358.339;2.522.138.408;2.739.992.581;2.522.138.408;3
237;1.473.504.498;1.450.539.792;1.337.017.301;1.865.129.785;2.522.138.408;10.569.571;2.937.944.927;2.522.138.408;1.104.006.713;2.522.138.408;3.070.467.114;2.522.138.408;3
238;1.382.513.495;1.345.180.623;1.232.415.225;1.921.851.751;2.522.138.408;10.635.171;3.096.026.464;2.522.138.408;1.086.831.668;2.522.138.408;3.126.417.315;2.522.138.408;3
239;1.337.541.869;1.305.417.301;119.503.391;1.709.021.066;2.522.138.408;10.568.055;275.143.272;2.522.138.408;1.059.888.997;2.522.138.408;2.478.977.661;2.522.138.408;3
240;1.322.728.028;1.299.802.076;1.151.778.547;171.988.645;2.522.138.408;104.523.735;2.509.709.993;2.522.138.408;1.278.796.318;2.522.138.408;2.355.870.699;2.522.138.408;3
241;1.356.099.654;1.311.757.785;1.176.329.412;1.679.180.567;2.522.138.408;10.404.914;2.179.408.069;2.522.138.408;1.266.012.941;2.522.138.408;2.163.627.696;2.522.138.408;3
242;1.355.943.253;1.275.480.969;117.579.654;1.857.496.789;2.522.138.408;10.501.437;2.628.436.747;2.522.138.408;1.269.800.858;2.522.138.408;2.626.636.969;2.522.138.408;3
244;1.602.222.837;1.569.337.024;1.467.522.491;1.665.177.744;2.522.138.408;10.503.859;3.137.918.893;2.522.138.408;1.087.602.159;2.522.138.408;306.871.481;2.522.138.408;3
245;1.493.457.439;1.472.914.879;1.346.408.304;1.499.344.221;2.522.138.408;10.675.793;3.426.885.038;2.522.138.408;8.843.977.439;2.522.138.408;331.965.128;2.522.138.408;3
246;1.415.966.782;1.468.217.301;1.251.957.093;168.012.472;2.522.138.408;10.661.491;3.648.434.394;2.522.138.408;9.404.589.481;2.522.138.408;3.744.041.439;2.522.138.408;3
247;1.372.013.841;1.412.179.931;1.224.298.962;173.477.791;2.522.138.408;10.606.892;358.524.681;2.522.138.408;1.019.615.391;2.522.138.408;3.719.510.145;2.522.138.408;3
249;1.512.181.315;1.501.015.917;1.392.073.356;1.820.580.235;2.522.138.408;10.407.459;2.353.599.253;2.522.138.408;123.798.036;2.522.138.408;248.843.517;2.522.138.408;3
250;1.508.578.547;1.553.105.882;1.324.084.429;2.003.435.003;2.522.138.408;10.635.487;3.211.025.827;2.522.138.408;1.119.941.398;2.522.138.408;3.298.325.619;2.522.138.408;3
251;1.543.479.585;158.236.263;1.256.040.138;1.814.771.266;2.522.138.408;10.617.678;3.183.068.221;2.522.138.408;1.189.255.889;2.522.138.408;2.917.282.519;2.522.138.408;3
252;1.511.504.498;1.566.119.031;1.241.105.882;2.098.455.543;2.522.138.408;10.056.976;2.596.893.204;2.522.138.408;2.742.832.692;2.522.138.408;2.639.133.121;2.522.138.408;3
253;1.342.441.522;1.397.707.958;116.760.692;20.344.369;2.522.138.408;9.985.298;2.421.902.602;2.522.138.408;2.897.036.706;2.522.138.408;2.497.707.945;2.522.138.408;3
256;1.690.752.941;160.273.218;1.555.601.384;1.594.367.336;2.522.138.408;102.199;2.104.215.958;2.522.138.408;1.277.774.519;2.522.138.408;2.257.424.581;2.522.138.408;3
257;1.628.193.772;1.573.799.308;1.512.185.467;1.495.988.028;2.522.138.408;10.231.563;1.920.966.284;2.522.138.408;1.240.652.235;2.522.138.408;2.099.145.799;2.522.138.408;3
258;1.615.072.664;1.573.529.412;1.475.832.526;1.425.053.661;2.522.138.408;10.330.729;2.048.765.218;2.522.138.408;1.163.690.879;2.522.138.408;2.200.981.218;2.522.138.408;3
259;1.601.133.564;1.568.798.616;1.460.470.588;1.408.361.522;2.522.138.408;10.355.507;2.046.560.221;2.522.138.408;11447.72;2.522.138.408;2.167.799.225;2.522.138.408;3
260;1.610.466.436;1.558.866.436;1.477.330.104;1.404.748.304;2.522.138.408;10.335.524;1.937.336.651;2.522.138.408;1.128.181.121;2.522.138.408;1.997.796.803;2.522.138.408;3
261;1.563.338.408;1.514.465.052;1.430.878.893;1.394.350.159;2.522.138.408;10.419.188;2.019.036.332;2.522.138.408;1.035.816.208;2.522.138.408;1.969.492.042;2.522.138.408;3
264;1.611.442.215;1.559.255.363;147.576.609;1.583.002.104;2.522.138.408;10.365.766;2.251.094.851;2.522.138.408;1.127.643.848;2.522.138.408;2.337.153.246;2.522.138.408;3
265;167.782.699;1.612.462.284;1.531.253.979;1.466.135.709;2.522.138.408;10.343.701;2.043.391.889;2.522.138.408;1.116.401.979;2.522.138.408;2.164.806.215;2.522.138.408;3
269;1.697.940.484;1.603.586.159;1.510.167.474;1.596.103.751;2.522.138.408;10.322.428;2.348.395.211;2.522.138.408;1.262.261.564;2.522.138.408;2.492.501.384;2.522.138.408;3
277;1.551.875.433;1.504.189.619;1.432.937.024;1.517.110.256;2.522.138.408;1.043.914;244.144.292;2.522.138.408;10.632.249;2.522.138.408;2.443.858.768;2.522.138.408;3
278;1.650.429.066;1.583.364.706;1.504.747.405;144.076.418;2.522.138.408;10.336.782;2.071.016.789;2.522.138.408;1.110.685.232;2.522.138.408;2.168.086.159;2.522.138.408;3
282;1.640.779.239;1.565.209.689;1.428.955.017;1.615.298.325;2.522.138.408;10.352.104;2.415.594.505;2.522.138.408;1.256.106.187;2.522.138.408;2.568.335.391;2.522.138.408;3
283;1.625.180.623;1.558.532.872;1.456.750.173;1.475.787.377;2.522.138.408;10.394.989;2.214.652.526;2.522.138.408;11.763.471;2.522.138.408;2.326.402.478;2.522.138.408;3
284;1.596.262.976;1.539.007.612;1.438.398.616;1.437.139.682;2.522.138.408;104.038.725;2.290.003.502;2.522.138.408;116.922.292;2.522.138.408;2.404.132.955;2.522.138.408;3
292;1.596.321.107;147.793.218;1.439.404.844;1.420.954.685;2.522.138.408;10.623.626;2.859.174.062;2.522.138.408;9.463.661.869;2.522.138.408;2.845.354.574;2.522.138.408;3
295;1.630.892.734;1.571.869.896;1.382.873.356;1.621.762.325;2.522.138.408;10.397.263;262.605.928;2.522.138.408;1.205.426.173;2.522.138.408;2.781.771.474;2.522.138.408;3
296;1.584.877.509;1.527.910.035;140.689.827;1.530.525.993;2.522.138.408;1.038.813;2.271.616.194;2.522.138.408;1.141.224.595;2.522.138.408;2.390.676.263;2.522.138.408;3
297;1.574.420.761;1.523.817.301;1.394.466.436;1.499.621.993;2.522.138.408;10.508.828;2.657.597.163;2.522.138.408;108.585.982;2.522.138.408;2.701.636.194;2.522.138.408;3
298;1.542.016.609;1.503.896.194;1.361.775.779;146.564.054;2.522.138.408;10.451.397;2.519.851.474;2.522.138.408;1.149.204.388;2.522.138.408;2.612.771.543;2.522.138.408;3
299;1.580.311.419;1.514.188.235;1.412.069.204;1.407.216.028;2.522.138.408;10.435.624;244.081.319;2.522.138.408;1.143.082.837;2.522.138.408;2.547.279.128;2.522.138.408;3
300;1.546.909.343;1.486.019.377;1.380.052.595;1.396.101.785;2.522.138.408;10.408.602;2.386.114.851;2.522.138.408;1.131.869.661;2.522.138.408;2.485.836.747;2.522.138.408;3
301;1.484.871.972;1.452.614.533;1.332.579.931;1.389.116.692;2.522.138.408;10.459.797;243.203.474;2.522.138.408;103.401.946;2.522.138.408;2.452.391.668;2.522.138.408;3
302;1.453.688.581;1.449.973.702;1.309.802.076;1.405.344.401;2.522.138.408;10.512.482;241.155.827;2.522.138.408;9.757.068.651;2.522.138.408;236.231.009;2.522.138.408;3
305;1.571.046.367;151.919.308;1.418.181.315;1.668.633.121;2.522.138.408;10.577.389;3.473.379.059;2.522.138.408;1.045.718.824;2.522.138.408;3.407.251.003;2.522.138.408;3
308;1.666.932.872;1.578.913.495;1.384.748.789;1.697.005.343;2.522.138.408;10.199.343;2.268.360.512;2.522.138.408;1.394.004.844;2.522.138.408;248.111.074;2.522.138.408;3
309;1.608.761.246;1.537.851.903;1.422.066.436;1.613.367.626;2.522.138.408;10.190.898;2.029.791.336;2.522.138.408;1.242.450.588;2.522.138.408;2.218.723.668;2.522.138.408;3
310;1.523.767.474;1.498.387.543;1.352.791.696;1.570.294.325;2.522.138.408;10.231.806;2.024.776.318;2.522.138.408;1.245.600.484;2.522.138.408;2.165.754.768;2.522.138.408;3
311;1.554.549.481;1.518.643.599;1.361.707.958;1.525.694.727;2.522.138.408;10.244.927;2.067.640.803;2.522.138.408;1.280.725.273;2.522.138.408;2.234.652.208;2.522.138.408;3
312;1.562.595.156;1.513.288.581;1.382.817.993;1.469.237.758;2.522.138.408;10.223.459;2.032.340.443;2.522.138.408;1.304.920.138;2.522.138.408;22.408.111;2.522.138.408;3
313;1.564.777.855;150.633.218;1.382.206.228;1.443.035.377;2.522.138.408;10.230.044;207.590.299;2.522.138.408;1.287.740.941;2.522.138.408;23.079.511;2.522.138.408;3
314;1.544.254.671;1.504.517.647;1.371.914.187;1.402.464.692;2.522.138.408;10.254.406;2.065.361.066;2.522.138.408;1.226.578.201;2.522.138.408;2.238.970.754;2.522.138.408;3
315;1.511.590.311;1.493.731.488;1.342.852.595;1.384.334.644;2.522.138.408;10.246.663;1.872.614.907;2.522.138.408;1.147.437.827;2.522.138.408;1.947.300.194;2.522.138.408;3
316;1.493.799.308;1.489.278.893;1.334.887.197;137.063.164;2.522.138.408;10.290.678;1.773.200.028;2.522.138.408;1.077.568.194;2.522.138.408;176.715.074;2.522.138.408;3
317;154.463.391;1.504.711.419;1.414.642.215;1.384.760.789;2.522.138.408;10.340.023;1.792.740.927;2.522.138.408;1.077.917.744;2.522.138.408;1.761.079.626;2.522.138.408;3
318;1.623.202.768;1.608.110.727;1.455.266.436;1.548.909.633;2.522.138.408;10.484.964;2.497.536.429;2.522.138.408;1.081.866.118;2.522.138.408;240.866.818;2.522.138.408;3
319;1.581.496.194;153.910.173;1.424.787.543;1.690.745.522;2.522.138.408;10.724.327;4.037.797.744;2.522.138.408;9.150.368.581;2.522.138.408;3.933.105.135;2.522.138.408;3
320;1.307.558.478;1.405.739.792;1.167.391.003;1.807.203.211;2.522.138.408;1.063.972;3.663.277.218;2.522.138.408;9.887.733.841;2.522.138.408;3.899.704.706;2.522.138.408;3
322;1.724.718.339;1.606.307.266;1.520.251.903;1.665.979.571;2.522.138.408;10.297.819;2.456.461.135;2.522.138.408;1.198.462.021;2.522.138.408;2.658.033.343;2.522.138.408;3
323;1.691.720.415;1.597.176.471;1.485.683.045;1.627.442.007;2.522.138.408;10.203.526;2.106.309.675;2.522.138.408;1.259.619.045;2.522.138.408;2.307.851.516;2.522.138.408;3
324;1.667.183.391;1.568.119.031;1.466.002.768;1.569.858.754;2.522.138.408;102.809.925;2.203.407.294;2.522.138.408;1.237.828.332;2.522.138.408;2.382.516.194;2.522.138.408;3
325;1.662.134.256;1.558.445.675;1.473.346.713;150.662.854;2.522.138.408;10.296.495;2.218.396.803;2.522.138.408;1.270.270.394;2.522.138.408;2.431.734.671;2.522.138.408;3
326;1.656.354.325;1.555.103.114;1.459.248.443;1.461.545.979;2.522.138.408;10.269.189;2.129.668.637;2.522.138.408;1.280.517.689;2.522.138.408;2.383.199.336;2.522.138.408;3
327;1.648.934.256;1.539.100.346;1.459.745.329;1.418.279.253;2.522.138.408;10.268.761;2.100.299.516;2.522.138.408;1.247.459.529;2.522.138.408;2.335.924.761;2.522.138.408;3
328;1.625.395.156;1.510.070.588;143.366.782;1.412.802.727;2.522.138.408;10.309.342;2.106.130.298;2.522.138.408;1.166.475.253;2.522.138.408;223.159.982;2.522.138.408;3
329;1.630.775.087;1.513.576.471;1.454.931.488;1.418.809.066;2.522.138.408;10.289.374;1.900.884.304;2.522.138.408;1.106.950.007;2.522.138.408;1.923.628.263;2.522.138.408;3
330;1.613.897.578;1.502.704.498;1.460.448.443;1.430.902.145;2.522.138.408;10.289.195;1.769.713.979;2.522.138.408;111.204.317;2.522.138.408;1.775.660.983;2.522.138.408;3
331;1.595.115.571;1.493.119.723;1.449.292.734;1.561.903.682;2.522.138.408;1.049.058;2.454.762.104;2.522.138.408;106.980.764;2.522.138.408;2.341.184.097;2.522.138.408;3
332;1.565.764.706;1.457.922.491;1.416.690.657;1.700.411.087;2.522.138.408;1.070.163;3.626.647.017;2.522.138.408;9.321.930.934;2.522.138.408;3.489.383.197;2.522.138.408;3
333;1.487.597.232;1.572.779.239;1.324.726.644;1.808.493.509;2.522.138.408;10.631.636;3.426.296.581;2.522.138.408;9.996.379.931;2.522.138.408;3.604.451.543;2.522.138.408;3
335;1.713.941.869;1.606.710.035;1.473.421.453;160.721.236;2.522.138.408;102.871.475;2.310.442.118;2.522.138.408;119.730.692;2.522.138.408;2.486.444.692;2.522.138.408;3
340;1.680.631.142;1.547.814.533;1.471.467.128;1.379.638.588;2.522.138.408;10.286.751;1.976.605.979;2.522.138.408;1.251.287.972;2.522.138.408;2.198.947.709;2.522.138.408;3
342;1.627.582.007;1.528.377.855;1.434.638.062;1.345.408.734;2.522.138.408;1.039.627;199.374.591;2.522.138.408;1.068.168.969;2.522.138.408;2.010.039.516;2.522.138.408;3
343;1.631.613.841;1.519.420.069;147.283.045;137.369.301;2.522.138.408;10.346.115;178.185.874;2.522.138.408;1.080.452.844;2.522.138.408;1.783.867.696;2.522.138.408;3
344;1.631.785.467;1.510.413.841;1.471.872.664;1.409.866.851;2.522.138.408;10.381.189;1.822.352.443;2.522.138.408;1.075.339.003;2.522.138.408;178.297.683;2.522.138.408;3
345;1.598.949.481;1.497.294.118;1.441.069.896;174.054.901;2.522.138.408;1.075.191;3.801.965.481;2.522.138.408;9.226.798.062;2.522.138.408;3.553.651.958;2.522.138.408;3
346;1.479.058.824;1.574.404.152;1.315.515.571;1.848.674.353;2.522.138.408;10.601.581;3.230.704.526;2.522.138.408;1.031.579.557;2.522.138.408;3.399.976.028;2.522.138.408;3
348;1.672.440.138;1.564.685.121;1.380.312.803;1.590.935.488;2.522.138.408;10.357.576;2.437.527.696;2.522.138.408;1.182.867.266;2.522.138.408;2.622.688.249;2.522.138.408;3
349;1.686.548.097;158.513.218;1.467.785.467;1.515.911.889;2.522.138.408;10.233.661;1.902.322.893;2.522.138.408;1.202.282.353;2.522.138.408;2.116.041.744;2.522.138.408;3
350;1.656.658.824;1.556.610.381;1.437.512.803;1.530.684.886;2.522.138.408;10.253.188;2.030.035.723;2.522.138.408;1.208.984.706;2.522.138.408;2.250.748.291;2.522.138.408;3
351;1.639.897.578;1.536.152.249;1.421.480.969;1.524.376.983;2.522.138.408;10.335.951;2.189.516.789;2.522.138.408;1.189.141.246;2.522.138.408;2.390.404.374;2.522.138.408;3
352;1.629.847.751;1.536.211.765;1.407.775.779;148.732.317;2.522.138.408;10.371.556;2.239.695.266;2.522.138.408;1.216.240.651;2.522.138.408;2.455.764.194;2.522.138.408;3
353;1.611.952.941;1.516.786.159;1.412.647.751;1.443.410.796;2.522.138.408;10.393.112;2.280.031.003;2.522.138.408;1.214.650.505;2.522.138.408;2.514.337.315;2.522.138.408;3
354;1.598.892.734;149.380.346;1.391.186.159;1.424.365.675;2.522.138.408;10.382.205;2.243.331.225;2.522.138.408;1.204.497.606;2.522.138.408;2.477.630.657;2.522.138.408;3
355;152.376.609;1.453.469.896;1.349.702.422;1.405.082.713;2.522.138.408;10.325.917;2.057.648.277;2.522.138.408;1.190.909.785;2.522.138.408;2.224.723.848;2.522.138.408;3
356;1.505.957.093;143.806.782;1.363.645.675;1.411.862.851;2.522.138.408;103.546.295;1.909.831.446;2.522.138.408;1.102.848.152;2.522.138.408;1.952.736.332;2.522.138.408;3
357;1.592.024.913;1.470.772.318;1.424.492.734;1.431.781.772;2.522.138.408;10.355.581;1.758.942.187;2.522.138.408;1.081.810.076;2.522.138.408;1.755.348.318;2.522.138.408;3
358;158.333.564;1.462.553.633;1.407.511.419;168.765.636;2.522.138.408;10.667.227;3.205.562.215;2.522.138.408;9.663.985.606;2.522.138.408;29.038.591;2.522.138.408;3
359;1.499.321.799;1.558.999.308;1.305.890.657;1.926.798.713;2.522.138.408;10.623.194;3.255.593.024;2.522.138.408;1.047.331.405;2.522.138.408;3.345.086.035;2.522.138.408;3
361;1.650.997.924;1.528.077.509;1.317.849.135;1.684.906.616;2.522.138.408;10.396.792;2.710.045.619;2.522.138.408;1.236.783.488;2.522.138.408;2.945.124.401;2.522.138.408;3
362;1.679.792.388;1.553.850.519;1.468.478.893;1.629.111.266;2.522.138.408;10.206.486;1.887.442.215;2.522.138.408;1.236.412.166;2.522.138.408;2.086.272.194;2.522.138.408;3
363;1.690.404.152;1.548.571.626;1.462.462.284;1.584.411.253;2.522.138.408;10.242.622;1.855.651.474;2.522.138.408;1.205.074.242;2.522.138.408;2.054.737.301;2.522.138.408;3
366;1.622.150.865;1.499.534.948;1.419.028.374;1.430.421.869;2.522.138.408;10.410.634;2.151.162.616;2.522.138.408;1.188.887.087;2.522.138.408;2.340.967.225;2.522.138.408;3
367;1.606.132.872;148.852.872;1.395.103.114;1.371.464.609;2.522.138.408;10.429.784;216.697.654;2.522.138.408;1.165.806.187;2.522.138.408;2.361.017.661;2.522.138.408;3
368;1.551.234.602;1.452.561.938;1.383.898.962;1.363.921.702;2.522.138.408;10.419.279;2.138.496.097;2.522.138.408;1.161.157.343;2.522.138.408;2.320.085.564;2.522.138.408;3
369;1.532.310.035;1.432.718.339;1.404.730.796;1.386.777.592;2.522.138.408;10.392.352;1.960.500.872;2.522.138.408;1.124.889.619;2.522.138.408;2.042.364.761;2.522.138.408;3
370;1.516.903.806;1.407.465.744;1.388.351.557;1.409.866.491;2.522.138.408;10.346.958;1.637.508.997;2.522.138.408;1.086.203.557;2.522.138.408;1.639.513.024;2.522.138.408;3
371;1.556.123.183;1.418.390.311;1.411.379.931;1.580.934.644;2.522.138.408;10.553.523;2.489.349.453;2.522.138.408;100.812.263;2.522.138.408;2.283.340.332;2.522.138.408;3
372;1.457.757.785;1.469.898.962;1.338.186.851;1.998.409.329;2.522.138.408;1.072.755;3.692.592.734;2.522.138.408;980.930.436;2.522.138.408;360.576.919;2.522.138.408;3
375;1.671.321.799;1.584.853.979;1.417.410.381;1.600.508.263;2.522.138.408;10.267.655;2.012.088.277;2.522.138.408;1.231.832.526;2.522.138.408;2.220.297.606;2.522.138.408;3
376;1.697.420.069;1.589.612.457;1.465.008.997;1.591.578.159;2.522.138.408;10.144.437;169.541.074;2.522.138.408;1.300.891.529;2.522.138.408;1.917.807.488;2.522.138.408;3
377;1.662.903.806;1.575.584.775;14.363.391;1.536.686.588;2.522.138.408;1.022.727;1.785.237.315;2.522.138.408;1.230.634.284;2.522.138.408;2.006.423.654;2.522.138.408;3
378;1.620.420.761;1.555.104.498;1.398.001.384;1.522.177.952;2.522.138.408;10.266.271;1.888.223.557;2.522.138.408;1.245.062.035;2.522.138.408;2.105.175.419;2.522.138.408;3
379;1.582.723.875;1.536.213.149;1.363.813.149;1.478.032.471;2.522.138.408;10.298.241;1.955.458.394;2.522.138.408;1.285.219.737;2.522.138.408;2.170.037.315;2.522.138.408;3
380;1.531.327.336;151.447.474;1.353.641.522;1.392.243.128;2.522.138.408;10.363.636;2.024.557.426;2.522.138.408;1.233.332.194;2.522.138.408;2.225.701.024;2.522.138.408;3
381;1.538.849.827;1.506.970.242;1.372.231.142;1.371.404.969;2.522.138.408;10.329.312;1.938.564.277;2.522.138.408;1.235.119.585;2.522.138.408;2.132.211.031;2.522.138.408;3
382;1.534.386.159;1.471.616.609;1.399.987.543;1.377.389.135;2.522.138.408;10.392.572;194.567.737;2.522.138.408;114.536.728;2.522.138.408;2.042.128.498;2.522.138.408;3
383;1.526.723.875;1.453.112.803;1.392.844.291;1.425.824.152;2.522.138.408;10.413.036;1.824.405.536;2.522.138.408;1.066.875.156;2.522.138.408;1.818.387.308;2.522.138.408;3
384;1.567.456.055;1.461.004.844;1.432.726.644;1.607.703.239;2.522.138.408;10.578.301;2.541.964.886;2.522.138.408;980.134.436;2.522.138.408;234.995.027;2.522.138.408;3
385;1.590.225.606;1.513.760.554;1.464.453.979;200.484.036;2.522.138.408;10.717.637;3.408.920.208;2.522.138.408;9.637.015.502;2.522.138.408;337.625.528;2.522.138.408;3
386;1.675.874.048;1.637.247.059;1.365.061.592;1.572.851.557;2.522.138.408;10.555.886;2.266.211.156;2.522.138.408;1.065.337.993;2.522.138.408;2.764.714.893;2.522.138.408;3
390;1.543.521.107;1.540.359.862;1.247.118.339;1.676.417.536;2.522.138.408;106.001.425;2.446.775.253;2.522.138.408;108.523.582;2.522.138.408;2.856.749.052;2.522.138.408;3
393;1.734.685.121;1.620.384.775;1.448.978.547;1.644.242.201;2.522.138.408;10.448.662;2.156.375.156;2.522.138.408;1.208.320.083;2.522.138.408;2.658.977.896;2.522.138.408;3
394;1.747.583.391;1.686.341.869;1.421.259.516;1.633.918.422;2.522.138.408;10.643.097;2.407.755.433;2.522.138.408;100.793.708;2.522.138.408;2.677.925.564;2.522.138.408;3
395;1.607.007.612;1.560.889.965;13.267.391;1.695.040.415;2.522.138.408;105.444.765;2.333.018.478;2.522.138.408;1.108.085.702;2.522.138.408;2.783.709.135;2.522.138.408;3
396;159.123.737;152.946.436;1.283.808.997;1.688.322.588;2.522.138.408;10.358.906;1.922.436.969;2.522.138.408;1.312.126.104;2.522.138.408;2.411.789.273;2.522.138.408;3
397;1.727.970.934;1.625.356.401;1.439.990.311;1.660.840.332;2.522.138.408;10.405.588;2.011.683.266;2.522.138.408;1.264.273.896;2.522.138.408;25219.2;2.522.138.408;3
398;1.556.167.474;151.156.263;124.763.045;1.836.153.218;2.522.138.408;10.591.167;2.552.384.028;2.522.138.408;1.161.688.346;2.522.138.408;2.879.796.318;2.522.138.408;3
399;166.175.917;1.535.496.194;1.338.507.958;1.952.739.696;2.522.138.408;10.500.208;2.667.200.263;2.522.138.408;1.317.208.761;2.522.138.408;3.209.768.471;2.522.138.408;3
400;1.652.334.948;1.527.367.474;129.412.872;1.917.704.706;2.522.138.408;10.512.619;2.767.912.692;2.522.138.408;1.252.609.301;2.522.138.408;3.436.462.671;2.522.138.408;3
401;1.687.648.443;1.573.011.765;1.337.475.433;1.700.289.633;2.522.138.408;10.530.184;2.453.396.651;2.522.138.408;1.169.131.308;2.522.138.408;2.998.988.913;2.522.138.408;3
403;1.734.907.958;1.582.747.405;1.412.831.834;15424.44;2.522.138.408;10.696.246;2.703.868.623;2.522.138.408;9.289.056.886;2.522.138.408;2.919.649.924;2.522.138.408;3
404;176.096.609;1.608.141.176;1.411.062.976;1.720.160.304;2.522.138.408;10.633.006;2.796.917.343;2.522.138.408;1.043.611.654;2.522.138.408;3.292.979.391;2.522.138.408;3
407;1.753.277.509;1.725.626.298;142.695.917;1.635.295.862;2.522.138.408;10.672.738;2.772.835.349;2.522.138.408;9.673.418.547;2.522.138.408;2.933.711.031;2.522.138.408;3
408;1.667.245.675;1.595.108.651;1.320.016.609;1.736.215.225;2.522.138.408;1.062.099;2.816.641.924;2.522.138.408;1.029.655.183;2.522.138.408;3.243.143.612;2.522.138.408;3
409;1.587.890.657;154.312.526;1.236.121.799;1.791.062.824;2.522.138.408;10.563.741;2.606.810.699;2.522.138.408;1.154.243.183;2.522.138.408;3.104.354.948;2.522.138.408;3
410;1.683.284.429;154.829.481;1.320.262.976;166.152.519;2.522.138.408;10.403.331;2.045.064.789;2.522.138.408;1.217.662.256;2.522.138.408;2.152.346.118;2.522.138.408;3
411;1.719.079.585;1.562.372.318;1.344.910.727;1.691.415.294;2.522.138.408;10.422.778;2.143.456.374;2.522.138.408;1.215.172.803;2.522.138.408;2.202.326.699;2.522.138.408;3
412;1.642.445.675;1.512.888.581;1.277.903.114;1.703.261.799;2.522.138.408;10.393.892;2.081.759.087;2.522.138.408;1.241.345.135;2.522.138.408;2.130.338.048;2.522.138.408;3
413;1.597.439.446;1.480.984.083;124.359.308;1.725.670.837;2.522.138.408;10.476.117;2.258.831.308;2.522.138.408;1.175.915.958;2.522.138.408;2.288.104.152;2.522.138.408;3
414;1.566.051.211;1.475.000.692;1.224.312.803;174.524.483;2.522.138.408;1.051.006;2.282.091.654;2.522.138.408;114.683.499;2.522.138.408;2.387.419.723;2.522.138.408;3
415;1.574.981.315;1.470.465.052;1.214.942.561;2.074.849.993;2.522.138.408;10.304.972;2.270.035.682;2.522.138.408;1.455.953.633;2.522.138.408;2.638.647.405;2.522.138.408;3
417;164.573.564;1.561.242.907;1.324.921.799;2.318.413.785;2.522.138.408;9.897.848;1.793.635.294;2.522.138.408;2.234.655.599;2.522.138.408;220.962.508;2.522.138.408;3
419;1.646.308.651;1.568.876.125;1.317.755.017;1.676.332.208;2.522.138.408;10.261.949;1.775.594.948;2.522.138.408;1.302.328.304;2.522.138.408;1.931.847.529;2.522.138.408;3
420;1.661.051.903;154.090.519;1.311.529.412;1.652.944.083;2.522.138.408;10.272.762;1.790.349.785;2.522.138.408;1.278.435.266;2.522.138.408;1.896.468.429;2.522.138.408;3
421;1.587.240.138;1.493.653.979;1.235.195.848;1.662.735.488;2.522.138.408;10.313.849;187.737.117;2.522.138.408;1.268.009.924;2.522.138.408;194.834.173;2.522.138.408;3
422;1.566.357.093;1.469.568.166;1.228.588.235;1.664.598.007;2.522.138.408;103.168.125;1.891.774.242;2.522.138.408;1.286.187.972;2.522.138.408;1.952.323.723;2.522.138.408;3
423;1.554.607.612;1.464.703.114;1.217.238.754;1.696.649.509;2.522.138.408;10.362.776;1.988.784.221;2.522.138.408;1.249.735.862;2.522.138.408;2.062.472.166;2.522.138.408;3
424;1.495.914.187;1.435.756.401;1.169.074.048;1.921.535.931;2.522.138.408;10.285.489;2.172.576.277;2.522.138.408;1.385.712.983;2.522.138.408;2.361.027.599;2.522.138.408;3
425;1.489.456.055;1.440.514.879;1.153.258.131;2.339.827.848;2.522.138.408;10.057.973;2.074.998.574;2.522.138.408;1.936.686.353;2.522.138.408;2.468.783.239;2.522.138.408;3
426;1.497.750.865;1.469.281.661;1.200.656.055;1.694.288.374;2.522.138.408;9.931.597;1.379.678.048;2.522.138.408;1.574.020.526;2.522.138.408;1.642.906.298;2.522.138.408;3
428;162.506.436;154.546.436;1.289.555.709;1.748.415.142;2.522.138.408;10.334.721;1.898.705.882;2.522.138.408;1.266.818.118;2.522.138.408;2.050.104.872;2.522.138.408;3
429;1.617.680.277;1.533.418.685;1.289.453.287;170.255.719;2.522.138.408;10.422.863;2.040.245.522;2.522.138.408;1.180.681.509;2.522.138.408;2.148.245.578;2.522.138.408;3
430;1.587.503.114;149.577.301;125.879.308;1.715.649.481;2.522.138.408;10.382.572;2.096.945.869;2.522.138.408;1.224.377.869;2.522.138.408;2.150.464.484;2.522.138.408;3
431;1.580.114.879;1.465.483.737;124.639.308;1.732.548.623;2.522.138.408;10.411.004;2.204.497.827;2.522.138.408;1.221.338.588;2.522.138.408;2.228.630.727;2.522.138.408;3
432;1.564.588.235;1.456.708.651;1.220.653.287;175.711.474;2.522.138.408;10.395.461;2.144.995.654;2.522.138.408;1.246.039.654;2.522.138.408;2.214.499.668;2.522.138.408;3
433;1.567.349.481;1.446.863.668;1.209.865.744;1.854.824.886;2.522.138.408;103.748.455;2.322.492.692;2.522.138.408;1.259.239.682;2.522.138.408;2.453.167.433;2.522.138.408;3
435;1.485.213.841;1.454.307.266;1.186.690.657;2.203.756.318;2.522.138.408;10.091.432;1.801.116.111;2.522.138.408;1.765.377.827;2.522.138.408;2.240.064.221;2.522.138.408;3
437;1.610.427.682;1.552.026.298;1.304.525.952;17.222.329;2.522.138.408;10.403.441;1.982.720.332;2.522.138.408;1.200.577.204;2.522.138.408;210.058.818;2.522.138.408;3
438;1.612.438.754;1.532.161.938;1.306.352.941;1.661.738.394;2.522.138.408;10.378.619;1.884.843.862;2.522.138.408;1.203.183.972;2.522.138.408;2.001.433.938;2.522.138.408;3
439;1.589.575.087;1.499.112.803;1.270.192.388;1.647.177.592;2.522.138.408;10.350.527;187.522.728;2.522.138.408;1.223.227.322;2.522.138.408;1.962.179.903;2.522.138.408;3
440;1.586.382.007;1.466.847.059;126.119.308;1.674.213.093;2.522.138.408;10.351.045;1.964.051.391;2.522.138.408;1.254.100.498;2.522.138.408;2.016.113.107;2.522.138.408;3
441;159.553.218;1.459.839.446;1.261.730.104;1.677.647.765;2.522.138.408;10.356.108;1.952.048.194;2.522.138.408;126.765.546;2.522.138.408;2.040.867.474;2.522.138.408;3
442;1.592.993.772;1.440.017.993;1.242.849.827;1.827.427.059;2.522.138.408;10.417.801;2.294.809.176;2.522.138.408;1.232.086.242;2.522.138.408;2.503.334.893;2.522.138.408;3
443;1.550.931.488;141.462.699;1.198.249.135;2.267.592.138;2.522.138.408;10.152.717;2.191.676.651;2.522.138.408;1.894.524.955;2.522.138.408;2.634.032.471;2.522.138.408;3
444;1.491.141.869;1.426.891.349;1.161.570.934;2.580.619.045;2.522.138.408;10.051.388;1.993.730.173;2.522.138.408;2.088.372.374;2.522.138.408;2.516.099.516;2.522.138.408;3
446;1.611.683.045;157.057.301;1.328.131.488;1.706.376.983;2.522.138.408;10.422.268;2.008.841.149;2.522.138.408;11.838.689;2.522.138.408;2.081.767.045;2.522.138.408;3
447;1.602.293.426;1.535.659.516;1.313.770.242;1.638.072.235;2.522.138.408;10.360.917;1.837.422.588;2.522.138.408;1.197.875.612;2.522.138.408;1.927.280.498;2.522.138.408;3
448;1.596.788.927;150.16;1.290.161.938;1.602.851.322;2.522.138.408;10.283.819;1.721.461.785;2.522.138.408;1.241.216.512;2.522.138.408;1.814.031.834;2.522.138.408;3
449;1.575.065.744;1.443.987.543;1.261.653.979;1.614.597.841;2.522.138.408;10.251.211;1.719.299.751;2.522.138.408;1.286.986.062;2.522.138.408;1.798.225.121;2.522.138.408;3
450;1.599.130.796;1.439.100.346;1.273.417.301;162.758.728;2.522.138.408;10.274.196;1.774.346.367;2.522.138.408;1.298.987.128;2.522.138.408;1.873.185.467;2.522.138.408;3
451;1.623.851.903;1.444.123.183;1.278.179.931;1.713.673.287;2.522.138.408;10.395.282;2.127.838.242;2.522.138.408;1.229.557.066;2.522.138.408;2.276.213.412;2.522.138.408;3
452;1.583.226.298;142.297.301;1.237.231.834;202.762.937;2.522.138.408;10.127.335;1.981.110.588;2.522.138.408;1.686.804.692;2.522.138.408;2.313.540.221;2.522.138.408;3
453;1.519.990.311;1.398.692.042;1.190.004.152;3.863.342.311;2.522.138.408;-2.515.871;2.825.387.183;2.522.138.408;3.621.736.221;2.522.138.408;3.656.138.131;2.522.138.408;3
454;1.709.317.647;1.581.079.585;1.342.250.519;4.924.141.993;2.522.138.408;-21.547.168;289.566.782;2.522.138.408;405.030.627;2.522.138.408;3.794.825.592;2.522.138.408;3
455;1.552.282.353;151.506.436;1.293.324.567;16856.84;2.522.138.408;10.410.311;2.054.018.464;2.522.138.408;1.184.714.173;2.522.138.408;2.070.731.696;2.522.138.408;3
456;1.597.011.765;149.56;1.311.395.156;1.621.465.661;2.522.138.408;1.031.663;1.812.635.779;2.522.138.408;1.216.086.394;2.522.138.408;1.881.975.889;2.522.138.408;3
457;1.566.019.377;1.458.337.716;1.264.757.093;1.578.700.913;2.522.138.408;10.277.098;1.688.692.471;2.522.138.408;1.212.512.042;2.522.138.408;1.789.423.986;2.522.138.408;3
458;1.544.395.848;1.430.492.734;1.216.862.284;1.589.855.253;2.522.138.408;10.202.359;1.564.907.336;2.522.138.408;1.288.978.381;2.522.138.408;1.685.795.958;2.522.138.408;3
459;1.586.088.581;1.427.905.882;1.243.665.052;1.600.924.775;2.522.138.408;10.204.873;1.616.315.128;2.522.138.408;1.310.565.882;2.522.138.408;1.723.858.976;2.522.138.408;3
460;1.593.530.796;1.438.665.744;1.260.817.993;1.623.413.093;2.522.138.408;10.253.512;1.730.146.381;2.522.138.408;1.289.879.211;2.522.138.408;1.845.776.761;2.522.138.408;3
461;1.621.338.408;1.453.348.097;1.274.182.699;2.030.514.879;2.522.138.408;10.206.815;2.289.771.792;2.522.138.408;1.623.784.734;2.522.138.408;250.638.937;2.522.138.408;3
462;1.628.916.263;1.451.404.844;1.293.379.931;3.474.065.938;2.522.138.408;10.006.072;2.337.017.772;2.522.138.408;2.874.525.702;2.522.138.408;2.768.974.796;2.522.138.408;3
463;1.632.503.806;1.545.313.495;1.295.442.215;3.654.186.478;2.522.138.408;993.387;2.034.026.644;2.522.138.408;2.876.220.457;2.522.138.408;2.448.666.118;2.522.138.408;3
465;1.620.487.197;1.477.749.481;1.364.229.758;1.597.518.035;2.522.138.408;10.402.888;1.980.007.197;2.522.138.408;113.818.263;2.522.138.408;2.016.616.277;2.522.138.408;3
466;1.384.541.176;139.759.308;1.084.298.962;1.583.534.104;2.522.442.907;10.220.062;1.760.026.644;2.522.442.907;1.175.869.799;2.522.442.907;188.399.982;2.522.442.907;3
467;1.438.451.211;1.462.487.197;1.068.672.664;1.533.676.415;2.522.442.907;10.040.188;1.498.805.453;2.522.442.907;1.274.079.474;2.522.442.907;1.642.155.045;2.522.442.907;3
468;1.483.976.471;133.790.173;1.172.811.073;1.596.782.021;2.522.442.907;10.065.847;1.598.958.436;2.522.442.907;1.318.731.253;2.522.442.907;1.739.059.142;2.522.442.907;3
469;1.611.779.931;1.388.459.516;1.290.775.087;1.639.067.862;2.522.442.907;1.001.112;1.547.663.349;2.522.442.907;1.416.821.426;2.522.442.907;1.680.169.758;2.522.442.907;3
470;1.647.503.114;1.424.359.862;1.311.741.176;1.901.023.709;2.522.138.408;10.323.243;2.366.952.304;2.522.138.408;1.411.561.315;2.522.138.408;253.273.499;2.522.138.408;3
471;1.636.442.907;1.419.103.114;1.292.527.336;1.973.112.747;2.522.442.907;100.143.175;1.905.430.796;2.522.442.907;1.655.484.055;2.522.442.907;2.106.517.758;2.522.442.907;3
472;1.509.964.014;1.455.612.457;121.72;1.556.729.107;2.522.138.408;10.114.083;1.402.076.678;2.522.138.408;1.311.684.637;2.522.138.408;148.880.991;2.522.138.408;3
473;1.517.068.512;1.479.594.464;1.267.702.422;1.737.318.007;1.479.594.464;9.449.669;2.545.031.917;2.525.107.266;1.144.205.426;2.525.107.266;2.794.276.429;2.525.107.266;3
474;1.541.226.298;149.307.128;1.291.645.675;190.935.481;149.307.128;9.233.526;2.372.255.349;2.525.107.266;1.359.905.661;2.525.107.266;2.610.352.623;2.525.107.266;3
475;1.562.148.097;1.567.053.287;1.293.734.256;1.891.846.145;1.567.053.287;9.255.244;2.506.338.311;2.525.107.266;1.356.158.353;2.525.107.266;2.649.454.062;2.525.107.266;3
485;1.508.519.031;1.431.191.696;1.249.176.471;172.364.346;1.431.191.696;9.383.173;2.321.645.813;2.525.107.266;1.214.295.239;2.525.107.266;2.615.862.187;2.525.107.266;3
486;1.534.121.799;1.381.912.803;124.813.564;1.769.952.955;1.381.912.803;9.312.527;2.313.776.955;2.525.107.266;1.276.699.059;2.525.107.266;2.576.260.747;2.525.107.266;3
487;1.539.253.979;1.376.524.567;1.245.377.163;1.723.701.855;1.376.524.567;909.015;1.748.566.533;2.525.107.266;1.451.385.093;2.525.107.266;1.996.591.862;2.525.107.266;3
488;1.490.815.225;1.336.034.602;1.185.788.235;1.732.824.595;1.336.034.602;9.089.734;1.912.128.997;2.525.107.266;1.451.903.654;2.525.107.266;212.445.964;2.525.107.266;3
489;1.466.647.751;1.329.745.329;116.744.083;1.685.433.204;1.329.745.329;9.149.067;2.005.684.069;2.525.107.266;1.391.704.595;2.525.107.266;2.213.627.626;2.525.107.266;3
490;1.452.376.471;1.336.308.651;1.155.964.014;1.599.640.069;1.336.308.651;9.247.349;2.136.253.066;2.525.107.266;1.296.361.855;2.525.107.266;2.324.287.474;2.525.107.266;3
491;1.471.011.765;135.784.083;116.312.526;1.575.098.298;135.784.083;936.277;2.503.136.941;2.525.107.266;1.217.425.647;2.525.107.266;2.661.974.547;2.525.107.266;3
492;1.474.041.522;1.371.597.232;117.686.782;1.557.491.419;1.371.597.232;9.267.985;2.324.034.367;2.525.107.266;1.267.356.388;2.525.107.266;2.495.023.433;2.525.107.266;3
493;1.552.440.138;1.433.862.976;1.286.164.706;1.542.677.813;1.433.862.976;9.291.146;2.350.223.349;2.525.107.266;1.245.251.543;2.525.107.266;2.497.813.758;2.525.107.266;3
494;1.582.354.325;1.496.643.599;1.339.500.346;1.570.458.422;1.496.643.599;9.270.378;2.305.992.526;2.525.107.266;1.292.130.436;2.525.107.266;2.434.979.862;2.525.107.266;3
495;1.651.190.311;1.576.975.779;1.475.572.318;1.600.318.713;1.576.975.779;9.254.235;2.361.595.889;2.525.107.266;1.256.064.858;2.525.107.266;2.483.617.606;2.525.107.266;3
498;1.619.353.633;1.462.405.536;1.339.523.875;1.727.232.097;1.462.405.536;9.379.743;2.417.475.972;2.525.107.266;1.215.938.768;2.525.107.266;2.802.574.505;2.525.107.266;3
499;1.624.066.436;1.465.198.616;1.316.267.128;172.142.699;1.465.198.616;9.162.785;1.957.010.547;2.525.107.266;1.379.408.083;2.525.107.266;2.290.229.758;2.525.107.266;3
500;1.603.397.924;146.230.173;1.286.589.619;1.704.396.346;146.230.173;9.223.295;2.176.065.052;2.525.107.266;1.353.898.436;2.525.107.266;2.428.661.121;2.525.107.266;3
501;1.558.974.394;1.416.207.612;1.250.077.509;1.637.227.986;1.416.207.612;9.281.882;2.306.750.588;2.525.107.266;1.278.023.986;2.525.107.266;2.506.104.111;2.525.107.266;3
502;1.535.876.817;1.418.685.121;1.227.512.803;1.564.853.176;1.418.685.121;9.248.951;2.190.952.941;2.525.107.266;1.270.743.862;2.525.107.266;2.397.539.142;2.525.107.266;3
503;1.526.260.208;1.429.959.862;1.221.655.363;1.542.731.599;1.429.959.862;9.339.026;2.433.154.104;2.525.107.266;1.200.553.675;2.525.107.266;2.617.659.806;2.525.107.266;3
504;1.531.116.955;1.456.408.304;1.245.216.609;1.531.928.609;1.456.408.304;9.369.113;2.562.758.851;2.525.107.266;1.179.550.879;2.525.107.266;2.700.443.474;2.525.107.266;3
505;1.632.408.304;1.532.510.727;135.689.827;1.547.484.706;1.532.510.727;9.330.337;2.465.574.879;2.525.107.266;1.217.394.118;2.525.107.266;2.599.230.062;2.525.107.266;3
506;1.656.204.844;1.548.816.609;1.418.483.045;1.564.372.401;1.548.816.609;9.267.579;2.321.327.848;2.525.107.266;1.287.124.595;2.525.107.266;2.450.354.782;2.525.107.266;3
507;1.666.210.381;1.574.651.903;1.438.261.592;1.616.267.114;1.574.651.903;9.317.764;2.563.223.225;2.525.107.266;1.254.039.654;2.525.107.266;2.677.889.038;2.525.107.266;3
510;160.663.391;1.496.930.104;1.323.410.381;1.712.115.958;1.496.930.104;9.367.171;2.270.685.965;2.525.107.266;1.237.335.087;2.525.107.266;2.703.008.512;2.525.107.266;3
511;1.599.191.696;1.460.312.803;1.297.051.903;1.791.467.419;1.460.312.803;9.287.457;2.412.031.931;2.525.107.266;1.300.773.938;2.525.107.266;2.839.123.502;2.525.107.266;3
512;1.542.405.536;1.433.703.806;1.243.483.737;1.687.318.962;1.433.703.806;9.263.907;2.206.442.491;2.525.107.266;1.315.228.235;2.525.107.266;2.493.787.654;2.525.107.266;3
513;1.513.984.775;1.415.144.637;121.106.436;1.596.533.924;1.415.144.637;9.362.197;2.476.076.471;2.525.107.266;1.204.792.346;2.525.107.266;2.636.874.436;2.525.107.266;3
514;1.539.219.377;1.441.795.156;1.235.555.709;1.557.237.536;1.441.795.156;9.338.016;2.410.458.464;2.525.107.266;1.210.594.422;2.525.107.266;2.611.048.734;2.525.107.266;3
515;1.488.408.304;1.424.002.768;1.180.390.311;1.532.449.246;1.424.002.768;9.345.053;2.437.851.862;2.525.107.266;1.194.637.924;2.525.107.266;2.642.518.478;2.525.107.266;3
516;1.533.546.021;1.472.937.024;1.252.669.896;1.524.230.478;1.472.937.024;9.395.498;2.601.733.467;2.525.107.266;114.820.508;2.525.107.266;2.755.505.107;2.525.107.266;3
517;1.573.194.464;1.478.011.073;1.264.334.948;1.548.621.093;1.478.011.073;9.327.008;2.484.165.066;2.525.107.266;1.216.191.405;2.525.107.266;2.609.161.329;2.525.107.266;3
518;1.638.492.734;1.525.404.844;1.359.851.903;1.545.162.131;1.525.404.844;9.332.543;2.486.481.979;2.525.107.266;1.229.572.581;2.525.107.266;2.578.424.927;2.525.107.266;3
519;1.664.779.239;1.578.408.304;1.411.115.571;160.827.027;1.578.408.304;9.268.588;2.403.625.343;2.525.107.266;1.304.791.848;2.525.107.266;2.546.055.848;2.525.107.266;3
522;1.567.360.554;1.496.329.412;1.281.631.834;1.875.397.578;1.496.329.412;9.294.737;2.424.202.048;2.525.107.266;1.417.846.422;2.525.107.266;2.944.852.803;2.525.107.266;3
523;1.553.043.599;1.438.906.574;1.260.455.363;1.790.448.194;1.438.906.574;9.315.086;2.504.461.522;2.525.107.266;1.286.843.626;2.525.107.266;288.718.937;2.525.107.266;3
524;1.531.327.336;1.426.902.422;1.231.842.215;1.708.616.747;1.426.902.422;9.338.606;2.352.093.481;2.525.107.266;1.265.688.111;2.525.107.266;2.609.770.879;2.525.107.266;3
525;1.520.157.785;1.433.303.806;12.167.391;1.653.567.059;1.433.303.806;9.348.223;2.508.925.218;2.525.107.266;1.241.107.322;2.525.107.266;2.672.244.208;2.525.107.266;3
526;1.538.744.637;1.444.501.038;123.070.173;1.582.934.616;1.444.501.038;936.954;256.804.227;2.525.107.266;1.195.218.505;2.525.107.266;2.748.888.484;2.525.107.266;3
527;1.527.122.491;1.451.285.813;1.220.934.256;1.584.457.827;1.451.285.813;9.294.607;2.390.012.415;2.525.107.266;1.251.708.983;2.525.107.266;2.630.063.433;2.525.107.266;3
528;1.528.390.311;1.459.792.388;1.239.820.069;1.548.386.159;1.459.792.388;9.366.554;2.579.904.208;2.525.107.266;117.604.746;2.525.107.266;2.780.431.529;2.525.107.266;3
529;1.569.807.612;1.483.130.796;1.262.924.567;158.409.218;1.483.130.796;9.315.726;2.591.878.602;2.525.107.266;1.217.796.028;2.525.107.266;2.781.640.042;2.525.107.266;3
530;1.585.363.322;1.461.420.069;1.255.514.187;1.599.188.927;1.461.420.069;9.332.103;2.651.625.218;2.525.107.266;1.227.963.308;2.525.107.266;2.784.296.886;2.525.107.266;3
531;1.684.690.657;1.590.714.187;1.396.442.907;1.589.829.384;1.590.714.187;9.305.171;2.487.079.751;2.525.107.266;1.225.214.907;2.525.107.266;2.638.233.024;2.525.107.266;3
532;1.602.537.024;1.534.034.602;1.409.371.626;1.619.380.803;1.534.034.602;9.313.281;2.554.754.699;2.525.107.266;1.173.998.713;2.525.107.266;2.704.533.343;2.525.107.266;3
534;1.614.272.664;1.559.633.218;1.312.365.398;1.721.154.644;1.559.633.218;9.443.415;2.627.342.948;2.525.107.266;1.166.622.215;2.525.107.266;3.202.209.093;2.525.107.266;3
535;1.575.717.647;1.501.608.304;1.272.878.893;1.713.787.696;1.501.608.304;9.384.007;2.600.348.969;2.525.107.266;1.220.936.913;2.525.107.266;2.941.244.014;2.525.107.266;3
536;159.64;1.507.771.626;1.277.807.612;1.703.491.114;1.507.771.626;9.273.926;2.262.751.391;2.525.107.266;1.326.746.062;2.525.107.266;2.497.287.363;2.525.107.266;3
537;1.573.013.149;1.493.191.696;1.242.550.865;1.713.636.734;1.493.191.696;9.216.089;2.230.390.782;2.525.107.266;1.373.880.208;2.525.107.266;2.422.593.439;2.525.107.266;3
538;1.600.817.993;1.498.856.747;1.283.831.142;1.720.370.311;1.498.856.747;9.173.605;228.256.937;2.525.107.266;1.396.718.837;2.525.107.266;2.519.177.287;2.525.107.266;3
539;1.574.887.197;1.485.503.114;1.258.152.249;1.653.549.301;1.485.503.114;9.223.184;2.363.115.571;2.525.107.266;1.317.829.785;2.525.107.266;2.632.031.045;2.525.107.266;3
540;1.551.265.052;1.485.407.612;1.250.646.367;1.693.051.682;1.485.407.612;9.103.954;2.222.653.938;2.525.107.266;1.449.608.651;2.525.107.266;2.556.045.356;2.525.107.266;3
541;1.603.709.343;1.506.251.903;1.307.281.661;1.715.664.554;1.506.251.903;9.091.166;2.200.661.758;2.525.107.266;147.053.009;2.525.107.266;2.527.276.734;2.525.107.266;3
542;1.608.503.806;1.489.558.478;1.284.204.844;1.749.378.782;1.489.558.478;9.081.371;2.276.217.315;2.525.107.266;1.527.685.979;2.525.107.266;2.566.311.502;2.525.107.266;3
543;1.674.312.803;1.527.223.529;1.361.173.702;1.695.223.737;1.527.223.529;9.097.585;2.208.395.654;2.525.107.266;1.429.150.644;2.525.107.266;2.436.763.654;2.525.107.266;3
544;1.629.522.491;1.571.645.675;1.392.488.581;1.676.186.076;1.571.645.675;9.132.179;224.265.409;2.525.107.266;1.312.526.907;2.525.107.266;2.441.241.398;2.525.107.266;3
34;1.541.839.446;1.548.265.744;1.379.432.526;1.599.842.367;2.525.411.765;926.431;2.466.450.491;2.525.411.765;1.108.676.318;2.525.411.765;250.541.481;2.525.411.765;4
35;1.568.387.543;1.537.284.429;1.358.107.958;1.613.075.017;2.525.411.765;9.244.302;2.314.462.879;2.525.411.765;1.137.765.785;2.525.411.765;2.341.879.654;2.525.411.765;4
36;1.530.938.408;148.890.519;1.305.951.557;1.666.472.221;2.525.411.765;932.907;2.279.660.609;2.525.411.765;1.108.781.273;2.525.411.765;2.346.804.166;2.525.411.765;4
248;1.481.226.298;1.452.521.799;1.366.024.913;1.854.401.993;252.267.128;10.345.946;3.269.230.768;252.267.128;11.264.969;252.267.128;3.462.740.554;252.267.128;4
1;1.605.325.952;157.176.609;1.415.133.564;1.691.538.035;2.525.411.765;9.475.441;3.063.382.671;2.525.411.765;8.828.740.346;2.525.411.765;2.978.455.087;2.525.411.765; 
33;1.563.299.654;1.559.262.284;1.381.936.332;1.627.581.052;2.524.193.772;9.779.173;2.688.365.232;2.524.193.772;1.062.310.007;2.524.193.772;273.800.818;2.524.193.772;?
50;173.420.346;1.621.087.889;1.439.986.159;1.814.966.131;252.099.654;10.645.271;2.163.258.131;252.099.654;1.397.055.696;252.099.654;2.228.658.893;252.099.654;?
51;17.367.391;1.639.719.031;1.428.341.869;1.739.585.827;252.099.654;10.868.645;2.137.310.367;252.099.654;1.164.893.952;252.099.654;2.187.620.138;252.099.654;?
52;1.597.415.917;15.408.609;1.314.251.903;1.673.530.394;252.099.654;10.808.216;1.913.530.394;252.099.654;11.915.071;252.099.654;2.004.473.246;252.099.654;?
53;1.592.193.772;1.515.857.439;1.302.775.087;161.692.472;252.099.654;10.751.274;1.793.790.644;252.099.654;1.206.509.965;252.099.654;1.888.531.433;252.099.654;?
66;1.606.625.606;1.502.062.284;1.305.233.218;1.584.776.194;252.099.654;10.715.107;1.710.929.522;252.099.654;1.209.088.263;252.099.654;1.798.688.678;252.099.654;?
79;1.571.074.048;1.456.148.097;127.56;1.604.860.775;252.099.654;10.792.738;1.902.670.394;252.099.654;1.159.804.983;252.099.654;1.977.202.408;252.099.654;?
92;1.508.013.841;1.499.908.651;1.251.226.298;1.843.425.564;252.099.654;11.100.366;3.042.411.986;252.099.654;9.409.827.543;252.099.654;3.094.696.277;252.099.654;?
105;1.530.525.952;1.514.617.301;1.333.893.426;1.582.731.668;252.099.654;11.056.177;2.667.965.592;252.099.654;8.678.677.785;252.099.654;2.650.651.765;252.099.654;?
118;1.520.950.865;1.534.514.879;1.353.602.768;1.415.965.564;252.099.654;10.891.636;185.819.654;252.099.654;9.562.910.727;252.099.654;1.879.287.806;252.099.654;?
183;156.379.654;1.472.242.215;1.415.313.495;1.522.920.111;252.099.654;10.886.238;2.363.293.827;252.099.654;1.070.678.021;252.099.654;2.423.980.775;252.099.654;?
184;1.528.099.654;156.043.737;1.343.384.083;1.560.340.152;252.099.654;11.070.968;3.194.755.612;252.099.654;9.376.257.301;252.099.654;3.209.165.495;252.099.654;?
185;1.526.539.792;1.546.208.997;1.354.175.779;1.576.976.069;252.099.654;109.759.035;2.848.517.315;252.099.654;1.023.313.066;252.099.654;2.889.186.131;252.099.654;?
186;1.580.802.768;1.590.808.304;1.402.575.779;1.547.299.253;252.099.654;10.922.827;2.414.991.087;252.099.654;1.063.520.913;252.099.654;2.468.829.993;252.099.654;?
196;1.500.772.318;1.561.085.121;1.324.318.339;1.522.070.948;252.099.654;1.097.423;2.870.237.343;252.099.654;9.965.417.439;252.099.654;2.942.991.017;252.099.654;?
197;1.555.485.121;1.581.857.439;1.384.548.097;1.428.672.221;252.099.654;10.878.319;2.285.801.412;252.099.654;1.038.000.401;252.099.654;234.565.409;252.099.654;?
207;1.447.680.277;1.320.289.273;1.179.580.623;2.834.012.166;252.099.654;10.373.845;1.910.555.875;252.099.654;2.356.342.713;252.099.654;1.856.683.848;252.099.654;?
219;1.483.453.287;1.346.447.059;1.192.816.609;3.108.957.481;252.099.654;10.309.485;1.877.963.668;252.099.654;254.770.782;252.099.654;2.000.619.322;252.099.654;?
231;1.451.323.183;1.358.163.322;116.610.519;4.517.495.737;252.099.654;-23.611.642;2.456.819.502;252.099.654;3.766.861.315;252.099.654;2.781.111.516;252.099.654;?
243;1.398.477.509;1.306.117.647;1.190.884.429;2.802.941.481;252.099.654;10.319.025;1.726.558.242;252.099.654;2.155.906.478;252.099.654;1.866.063.945;252.099.654;?
254;1.326.193.772;1.372.512.111;1.130.481.661;1.483.943.045;252.099.654;10.861.711;2.131.481.426;252.099.654;1.304.472.346;252.099.654;2.039.578.048;252.099.654;?
255;131.356.955;1.355.442.215;1.102.757.093;1.607.329.675;252.099.654;1.067.004;1.609.058.478;252.099.654;1.184.490.754;252.099.654;1.591.372.706;252.099.654;?
266;162.970.519;1.526.876.125;1.481.725.952;1.407.611.931;252.099.654;10.815.097;2.136.930.657;252.099.654;1.067.137.689;252.099.654;2.235.444.083;252.099.654;?
267;1.570.386.159;1.475.918.339;1.435.541.869;1.421.632.111;252.099.654;10.882.338;2.355.476.304;252.099.654;1.032.898.561;252.099.654;2.404.387.682;252.099.654;?
268;1.552.703.114;1.462.721.107;1.405.983.391;148.756.645;252.099.654;10.887.516;2.343.938.685;252.099.654;1.050.846.616;252.099.654;2.383.988.581;252.099.654;?
279;1.635.659.516;1.513.976.471;1.481.774.394;1.434.890.076;252.099.654;10.892.019;2.410.579.446;252.099.654;1.034.259.377;252.099.654;2.503.787.945;252.099.654;?
280;1.584.995.156;1.487.301.038;1.409.868.512;1.414.322.215;252.099.654;10.854.752;2.323.112.637;252.099.654;1.051.276.969;252.099.654;239.900.782;252.099.654;?
281;1.554.480.277;1.473.462.976;1.378.662.976;1.442.030.547;252.099.654;10.864.208;2.259.054.145;252.099.654;1.047.940.014;252.099.654;2.296.960.927;252.099.654;?
293;1.533.934.948;146.269.481;1.374.056.747;1.383.684.803;252.099.654;11.050.013;2.879.271.128;252.099.654;9.022.789.066;252.099.654;2.844.258.173;252.099.654;?
294;1.518.091.349;1.455.929.412;1.355.778.547;1.434.547.322;252.099.654;10.888.745;2.264.145.772;252.099.654;1.023.677.426;252.099.654;2.290.118.865;252.099.654;?
306;1.447.436.678;1.431.435.294;1.307.818.685;1.465.856.069;252.099.654;11.081.528;320.981.946;252.099.654;8.491.951.834;252.099.654;3.188.251.668;252.099.654;?
307;1.363.038.062;1.419.469.896;1.198.871.972;171.807.283;252.099.654;11.065.004;3.810.539.972;252.099.654;9.686.822.145;252.099.654;3.905.653.564;252.099.654;?
321;1.781.137.716;1.632.758.478;1.455.288.581;1.699.650.768;252.099.654;10.631.093;2.386.799.529;252.099.654;1.357.990.353;252.099.654;2.618.181.356;252.099.654;?
334;1.828.543.945;1.626.984.083;1.493.320.415;1.601.926.505;252.099.654;1.075.405;24.407.449;252.099.654;1.246.808.443;252.099.654;2.635.931.225;252.099.654;?
347;1.673.955.709;1.572.174.394;1.372.027.682;1.623.258.976;252.099.654;10.762.059;2.494.698.381;252.099.654;1.294.563.197;252.099.654;2.737.395.571;252.099.654;?
360;1.674.445.675;1.535.231.834;1.319.388.235;1.713.248.651;252.099.654;1.073.329;255.209.182;252.099.654;1.329.379.197;252.099.654;2.890.034.394;252.099.654;?
373;1.728.858.131;1.583.241.522;138.196.263;1.623.529.315;252.099.654;1.089.192;2.688.941.772;252.099.654;1.177.190.948;252.099.654;2.976.919.529;252.099.654;?
374;1.658.602.076;1.521.557.093;1.283.480.969;1.652.458.311;252.099.654;10.784.323;248.314.018;252.099.654;1.291.054.865;252.099.654;2.745.889.578;252.099.654;?
389;1.786.143.945;1.639.240.138;1.520.376.471;1.624.257.066;252.099.654;10.926.254;2.310.191.516;252.099.654;1.149.958.851;252.099.654;2.694.324.955;252.099.654;?
402;1.589.777.163;1.533.930.796;1.276.776.471;1.753.157.329;252.099.654;11.036.131;2.530.992.567;252.099.654;1.072.713.772;252.099.654;2.702.289.813;252.099.654;?
406;1.701.313.495;1.646.251.903;1.379.512.803;1.788.832.706;252.099.654;11.062.709;2.622.292.498;252.099.654;102.517.636;252.099.654;2.758.849.993;252.099.654;?
418;1.947.702.422;1.766.618.685;1.506.084.429;3.626.963.433;252.099.654;10.636.757;2.569.756.623;252.099.654;2.377.738.381;252.099.654;3.081.225.689;252.099.654;?
427;1.950.519.031;1.753.529.412;1.454.581.315;2.175.069.924;252.099.654;10.614.047;1.929.778.131;252.099.654;1.608.539.488;252.099.654;2.254.751.806;252.099.654;?
436;193.022.699;17.272.609;1.461.791.003;3.903.067.142;252.099.654;10.412.933;2.251.306.256;252.099.654;2.700.051.405;252.099.654;2.919.080.484;252.099.654;?
445;1.756.478.893;1.575.559.862;1.351.879.585;3.795.281.301;252.099.654;10.466.275;2.277.724.581;252.099.654;2.625.864.941;252.099.654;2.950.438.201;252.099.654;?
464;148.982.699;1.494.610.381;1.251.645.675;1.588.849.855;252.099.654;10.761.227;1.930.605.301;252.099.654;1.161.903.114;252.099.654;1.929.017.301;252.099.654;?
476;1.549.755.017;1.562.459.516;1.274.314.187;189.057.301;1.562.459.516;969.861;3.080.030.851;2.524.193.772;1.277.002.962;2.524.193.772;3.169.220.138;2.524.193.772;?
477;1.519.317.647;1.519.184.775;1.266.553.633;1.903.433.052;1.519.184.775;9.701.524;3.082.146.505;2.524.193.772;1.321.303.087;2.524.193.772;3.225.501.924;2.524.193.772;?
478;1.564.611.765;1.550.146.713;1.362.963.322;1.964.710.118;1.550.146.713;970.756;3.070.403.958;2.524.193.772;1.378.031.474;2.524.193.772;3.233.567.557;2.524.193.772;?
479;1.630.260.208;1.604.279.585;1.463.702.422;2.082.017.149;1.604.279.585;9.663.025;2.940.588.152;2.524.193.772;1.471.045.689;2.524.193.772;31.408.191;2.524.193.772;?
480;1.688.413.841;168.153.218;1.552.316.955;209.165.218;168.153.218;9.553.037;2.636.573.315;2.524.193.772;1.533.157.924;2.524.193.772;2.891.934.671;2.524.193.772;?
481;1.772.088.581;1.771.187.543;1.677.240.138;210.178.674;1.771.187.543;9.536.165;271.850.328;2.524.193.772;1.545.912.512;2.524.193.772;2.949.795.654;2.524.193.772;?
482;1.737.314.879;1.718.041.522;1.614.553.633;2.111.472.969;1.718.041.522;9.531.089;2.648.481.799;2.524.193.772;1.551.831.253;2.524.193.772;2.880.231.183;2.524.193.772;?
483;1.565.788.235;152.893.564;1.340.798.616;1.800.053.301;152.893.564;957.191;2.533.281.702;2.524.193.772;129.080.519;2.524.193.772;2.745.420.152;2.524.193.772;?
484;152.959.308;1.529.249.827;1.330.978.547;1.574.968.637;1.529.249.827;9.512.185;2.323.568.983;2.524.193.772;1.172.485.896;2.524.193.772;2.498.566.394;2.524.193.772;?
496;1.680.884.429;1.606.221.453;1.562.988.235;1.545.198.533;1.606.221.453;9.416.017;1.824.919.474;2.524.193.772;1.297.393.924;2.524.193.772;2.009.948.969;2.524.193.772;?
497;1.488.787.543;1.441.151.557;12.004.609;1.725.964.318;1.441.151.557;9.708.487;2.347.711.779;2.524.193.772;1.217.739.585;2.524.193.772;2.738.297.564;2.524.193.772;?
508;1.693.725.952;1.600.161.938;1.535.442.215;153.499.564;1.600.161.938;9.503.041;19917.56;2.524.193.772;1.297.407.114;2.524.193.772;2.158.707.197;2.524.193.772;?
509;1.550.445.675;145.803.045;1.245.986.159;1.662.937.772;145.803.045;9.734.109;234.431.301;2.524.193.772;1.162.004.263;2.524.193.772;2.762.835.349;2.524.193.772;?
520;1.627.738.408;1.553.157.093;1.444.386.159;1.549.114.007;1.553.157.093;9.642.525;2.345.062.298;2.524.193.772;118.501.892;2.524.193.772;2.475.357.993;2.524.193.772;?
521;153.775.917;1.443.195.848;1.259.893.426;162.024.526;1.443.195.848;9.713.587;2.220.887.862;2.524.193.772;1.160.955.723;2.524.193.772;2.687.932.498;2.524.193.772;?
533;1.688.638.062;1.566.614.533;1.356.152.249;1.629.281.675;1.566.614.533;9.772.295;2.465.616.997;2.524.193.772;1.114.839.875;2.524.193.772;29.804.009;2.524.193.772;?
