No,rgb_b1,rgb_b2,rgb_b3,green_b1,green_b2,ndvi_b1,nir_b1,nir_b2,red_b1,red_b2,redEdge_b1,redEdge_b2,Label
1,160.5325952,157.176609,141.5133564,16915.38035,252.5411765,9.475441,30633.82671,252.5411765,8828.740346,252.5411765,29784.55087,252.5411765, 
2,132.5789619,134.9595848,112.5283045,14099.60803,252.5107266,9.537767,22463.84872,252.5107266,8229.619792,252.5107266,22394.01578,252.5107266,3
3,116.2687889,118.3140484,87.00955017,14130.49356,252.5107266,9.37549,18453.53965,252.5107266,9323.623391,252.5107266,19167.00595,252.5107266,3
4,105.0047059,106.0350173,94.60678201,17346.1164,252.5107266,9.422446,23115.77467,252.5107266,11053.04152,252.5107266,24694.17121,252.5107266,3
5,137.1986159,130.7341176,117.2838754,17396.17619,252.5107266,9.442769,23190.69813,252.5107266,11511.81993,252.5107266,24804.6263,252.5107266,3
6,149.7929412,143.3804844,122.4555017,20599.71183,252.5107266,9.389227,23523.80471,252.5107266,15294.95848,252.5107266,26214.76512,252.5107266,3
7,146.387128,139.8815225,117.5572318,22570.63308,252.5107266,9.132314,20623.29398,252.5107266,18685.58173,252.5107266,24279.91322,252.5107266,3
8,138.3712111,132.963045,113.2808304,15032.08443,252.5107266,9.094431,13833.72609,252.5107266,12932.20997,252.5107266,15184.88761,252.5107266,3
9,158.1530796,155.3570934,141.7417301,14676.10547,252.5107266,9.46266,21633.87917,252.5107266,9536.852042,252.5107266,21646.40249,252.5107266,3
10,148.982699,150.0058131,130.2052595,13187.6728,252.5107266,9.348557,15354.71626,252.5107266,9181.153218,252.5107266,15675.03308,252.5107266,3
11,139.2395848,138.313218,119.6469204,14179.91253,252.5107266,9.319834,15106.64872,252.5107266,10040.4537,252.5107266,16129.51045,252.5107266,3
12,128.5836678,127.8152249,112.499654,15947.24346,252.4574394,9.535492,17473.44471,252.4574394,11315.16997,252.4574394,19091.9791,252.4574394,2
13,147.2476125,141.8168858,123.0029066,15891.99875,252.4574394,9.611381,18678.92581,252.4574394,10972.4836,252.4574394,20294.47765,252.4574394,2
14,149.8607612,144.2322491,122.4334948,15839.30644,252.4574394,9.694061,23516.94367,252.4574394,10758.52304,252.4574394,24861.44457,252.4574394,2
15,142.5822837,138.4131488,112.9439446,21161.30256,252.4574394,9.366588,19210.75779,252.4574394,17544.91197,252.4574394,22099.12152,252.4574394,2
16,124.8207612,124.0903806,88.34020761,18644.87779,252.4574394,9.160711,18113.91986,252.5107266,14783.70201,252.5107266,19871.20927,252.5107266,3
17,155.5565398,154.5597232,141.3669204,15825.9063,252.4574394,9.455987,24207.00457,252.5107266,10203.25495,252.5107266,24680.73273,252.5107266,3
18,151.256609,151.6382007,133.0556401,15831.0364,252.4574394,9.428267,22066.9463,252.5107266,10452.76083,252.5107266,22458.01509,252.5107266,3
19,150.7042215,149.320692,127.8483045,16068.66201,252.4574394,9.398728,19565.39336,252.5107266,10944.19156,252.5107266,20631.27779,252.5107266,3
20,148.4174394,147.0033218,124.7310727,16088.69965,252.4574394,9.377066,18293.28997,252.5107266,11218.2364,252.5107266,19940.03045,252.5107266,3
21,150.4346021,146.2711419,125.1000692,15800.9182,252.4574394,9.400902,18437.43211,252.5107266,10992.06478,252.5107266,20096.23197,252.5107266,3
22,149.3252595,144.5555709,122.6654671,16897.61356,252.4574394,9.48383,24557.50381,252.5107266,11034.8454,252.5107266,25578.60651,252.5107266,3
23,142.9161246,138.3910035,114.9795156,17490.85232,252.4574394,9.133669,16301.6573,252.5107266,14423.73384,252.5107266,17924.42893,252.5107266,3
24,138.1767474,134.0567474,99.87058824,21967.8883,252.4574394,9.03046,18300.63626,252.5107266,18084.53592,252.5107266,20135.23474,252.5107266,3
25,156.5498962,153.5182007,141.6052595,15754.72997,252.4574394,9.449264,24106.12388,252.5107266,10345.28,252.5107266,24638.79225,252.5107266,3
26,153.0563322,152.5378547,137.1860208,15759.3517,252.4574394,9.45641,24274.88858,252.5107266,10327.21218,252.5107266,24437.56734,252.5107266,3
27,150.2538408,148.8059516,129.7216609,15950.91128,252.4574394,9.422926,21618.57273,252.5107266,10725.76595,252.5107266,22141.31211,252.5107266,3
28,147.3183391,145.9450519,125.3152941,16002.43128,252.4574394,9.423648,19513.25481,252.5107266,10871.77938,252.5107266,20763.16872,252.5107266,3
29,145.6791696,143.5629066,122.4892734,15935.63917,252.4574394,9.413798,18868.82893,252.5107266,10762.45827,252.5107266,20310.911,252.5107266,3
30,145.2674048,141.0419377,122.0775087,16779.89675,252.4574394,9.384019,21301.76221,252.5107266,11149.36498,252.5107266,22557.67709,252.5107266,3
31,138.096609,136.2153633,115.0015225,18547.67433,252.4574394,9.083666,19631.04401,252.5107266,13813.70353,252.5107266,20766.09536,252.5107266,3
32,141.9346713,138.0981315,107.9862976,22794.20055,252.4574394,8.967259,22230.95045,252.5107266,18723.04983,252.5107266,23424.02547,252.5107266,3
33,156.3299654,155.9262284,138.1936332,16275.81052,252.4193772,9.779173,26883.65232,252.4193772,10623.10007,252.4193772,27380.0818,252.4193772,?
34,154.1839446,154.8265744,137.9432526,15998.42367,252.5411765,9.26431,24664.50491,252.5411765,11086.76318,252.5411765,25054.1481,252.5411765,4
35,156.8387543,153.7284429,135.8107958,16130.75017,252.5411765,9.244302,23144.62879,252.5411765,11377.65785,252.5411765,23418.79654,252.5411765,4
36,153.0938408,148.890519,130.5951557,16664.72221,252.5411765,9.32907,22796.60609,252.5411765,11087.81273,252.5411765,23468.04166,252.5411765,4
37,151.6395848,146.9583391,129.2993772,17381.24125,252.5107266,9.4518795,22823.96208,252.5107266,11073.20055,252.5107266,23903.10574,252.5107266,3
38,143.7287197,142.9190311,120.057301,17464.86021,252.5107266,9.372093,21286.08166,252.5107266,11239.00692,252.5107266,22099.16983,252.5107266,3
39,141.5965398,141.1921107,117.1302422,16604.16997,252.5107266,9.21159,19262.76083,252.5107266,11335.41038,252.5107266,19402.5492,252.5107266,3
40,142.2286505,140.5779931,115.7418685,19099.07529,252.5107266,9.204,22924.94754,252.5107266,13332.49329,252.5107266,22080.0526,252.5107266,3
41,129.0801384,119.6334948,102.4069204,15251.67294,252.2138408,10.317248,23951.92581,252.2138408,10930.83765,252.2138408,21942.85163,252.2138408,3
42,137.630173,129.3536332,107.1446367,14405.47308,252.2138408,10.153234,17604.43488,252.2138408,11965.04997,252.2138408,16803.28983,252.2138408,3
43,140.9457439,135.7086505,111.4956401,15006.10893,252.2138408,10.172287,19135.7045,252.2138408,12553.23585,252.2138408,18735.36291,252.2138408,3
44,150.2155017,143.8687889,120.6110727,15053.47142,252.2138408,10.161001,19451.63031,252.2138408,12614.76332,252.2138408,19709.3092,252.2138408,3
45,152.9883737,145.672526,123.7093426,15587.13882,252.2138408,10.149475,20268.82588,252.2138408,13088.05329,252.2138408,20853.18353,252.2138408,3
46,155.9579239,147.3839446,125.5251211,15713.67792,252.2138408,10.165182,20814.52125,252.2138408,13290.39585,252.2138408,21495.75183,252.2138408,3
47,159.3191696,150.6754325,130.6610381,15421.39433,252.2138408,10.179324,19896.60581,252.2138408,13347.23792,252.2138408,20640.98754,252.2138408,3
48,166.0352941,154.0214533,136.7015917,15871.37315,252.2138408,10.190646,19435.43668,252.2138408,13642.86464,252.2138408,20223.7391,252.2138408,3
49,168.9511419,158.3177855,139.9467128,17022.53522,252.2138408,10.184931,20201.73716,252.2138408,14036.25716,252.2138408,21022.16692,252.2138408,3
50,173.420346,162.1087889,143.9986159,18149.66131,252.099654,10.645271,21632.58131,252.099654,13970.55696,252.099654,22286.58893,252.099654,?
51,173.67391,163.9719031,142.8341869,17395.85827,252.099654,10.868645,21373.10367,252.099654,11648.93952,252.099654,21876.20138,252.099654,?
52,159.7415917,154.08609,131.4251903,16735.30394,252.099654,10.808216,19135.30394,252.099654,11915.071,252.099654,20044.73246,252.099654,?
53,159.2193772,151.5857439,130.2775087,16169.2472,252.099654,10.751274,17937.90644,252.099654,12065.09965,252.099654,18885.31433,252.099654,?
54,126.3060208,117.3443599,98.73024221,15393.61024,252.2138408,10.312502,21579.45606,252.2138408,11131.00415,252.2138408,20138.85273,252.2138408,3
55,133.1337024,124.5310727,106.8841522,15632.76277,252.2442907,10.26337,22977.58616,252.2442907,10985.30145,252.2442907,21520.40069,252.2442907,2
56,136.7666436,132.5821453,110.8091349,15804.8155,252.2138408,10.423994,25834.70796,252.2138408,10943.54408,252.2138408,24009.24304,252.2138408,3
57,144.2232526,142.4316955,118.8247751,15811.22131,252.2138408,10.427997,28178.81218,252.2138408,11041.79294,252.2138408,26992.13121,252.2138408,3
58,150.7730104,147.4710035,124.0848443,15575.88,252.2138408,10.392323,27322.64526,252.2138408,11250.05301,252.2138408,27051.33979,252.2138408,3
59,152.2401384,149.1151557,125.4189619,15745.43363,252.2138408,10.406244,28010.28692,252.2138408,11313.50464,252.2138408,27999.29536,252.2138408,3
60,152.9507266,149.6424913,129.7608304,15521.85273,252.2138408,10.381749,26282.66048,252.2138408,11571.78367,252.2138408,26214.52055,252.2138408,3
61,152.020346,150.2510727,128.4333564,16192.66408,252.2138408,10.40368,25260.38159,252.2138408,11802.79073,252.2138408,25196.94519,252.2138408,3
62,160.4570242,154.6622837,134.4016609,17369.83792,252.2138408,10.384518,26468.85799,252.2138408,12369.48415,252.2138408,26020.20125,252.2138408,3
63,159.5465744,154.0257439,134.6239446,18304.67737,252.2138408,10.37817,26522.07239,252.2138408,12748.78713,252.2138408,26106.90713,252.2138408,3
64,153.0754325,152.0465052,128.0388927,17290.53689,252.2138408,10.427461,21934.51862,252.2138408,11777.89093,252.2138408,21895.88789,252.2138408,3
65,160.1838062,151.7152941,132.8891349,16635.1272,252.2138408,10.388776,19626.24083,252.2138408,11909.68055,252.2138408,20118.77301,252.2138408,3
66,160.6625606,150.2062284,130.5233218,15847.76194,252.099654,10.715107,17109.29522,252.099654,12090.88263,252.099654,17986.88678,252.099654,?
67,123.4521799,117.3301038,95.14782007,14911.11336,252.2138408,10.305073,20214.62284,252.2138408,11220.30021,252.2138408,19230.10298,252.2138408,3
68,126.0267128,120.5572318,98.96692042,15002.65467,252.2138408,10.400847,21419.35391,252.2138408,10706.71599,252.2138408,20110.16567,252.2138408,3
69,130.0120415,128.723737,106.4937024,15496.22962,252.2138408,10.547122,26272.14962,252.2138408,9992.76083,252.2138408,23987.351,252.2138408,3
70,140.1550173,139.0334948,116.9550173,15516.31972,252.2138408,10.567096,29961.13232,252.2138408,10133.43294,252.2138408,28058.65287,252.2138408,3
71,143.0261592,143.5353633,120.740346,15403.01633,252.2138408,10.554696,30473.07571,252.2138408,10306.70976,252.2138408,29603.99875,252.2138408,3
72,142.5804844,145.9590311,122.0953633,15306.32775,252.2442907,10.435257,29803.4119,252.2442907,10367.86893,252.2442907,29448.0036,252.2442907,2
73,146.8736332,147.9928028,125.0907958,15184.169,252.2442907,10.481546,30032.89647,252.2442907,10058.38436,252.2442907,29134.68014,252.2442907,2
74,148.2878893,147.4384775,126.3128028,15714.54311,252.2138408,10.557492,27168.60291,252.2138408,10595.39931,252.2138408,26646.26657,252.2138408,3
75,151.1575087,147.8714187,127.2667128,16282.17952,252.2138408,10.510882,24672.63239,252.2138408,10914.82118,252.2138408,24605.23557,252.2138408,3
76,153.8260208,148.7541869,130.1425606,16451.69855,252.2442907,10.468792,26682.08374,252.2442907,10198.35488,252.2442907,25831.68623,252.2442907,2
77,146.0307266,147.5692734,124.1720415,16194.05952,252.2138408,10.378219,20764.7164,252.2138408,11479.34754,252.2138408,20570.50035,252.2138408,3
78,157.1414533,150.3357785,132.2047059,16047.80443,252.2138408,10.348165,18938.23972,252.2138408,11815.06311,252.2138408,19096.15543,252.2138408,3
79,157.1074048,145.6148097,127.56,16048.60775,252.099654,10.792738,19026.70394,252.099654,11598.04983,252.099654,19772.02408,252.099654,?
80,123.0455363,124.1378547,94.98712803,15901.12609,252.2138408,10.348648,25869.02713,252.2138408,11003.69938,252.2138408,24002.01301,252.2138408,3
81,111.8153633,117.449827,89.1716263,15282.3636,252.2138408,10.467055,24686.18228,252.2138408,10147.57439,252.2138408,22953.06727,252.2138408,3
82,128.5878201,127.632526,105.5348097,14922.00484,252.2138408,10.552182,25477.07308,252.2138408,9778.57564,252.2138408,23373.27446,252.2138408,3
83,136.4668512,136.855917,114.3097578,15165.47682,252.2138408,10.569245,28132.70768,252.2138408,9937.485121,252.2138408,26550.71875,252.2138408,3
84,142.1552941,141.7280277,120.8870588,15044.54381,252.2138408,10.604722,30762.5326,252.2138408,9688.807474,252.2138408,29637.39308,252.2138408,3
85,144.5130796,145.2842907,123.9669204,15124.29799,252.2442907,10.514192,31839.59087,252.2442907,9542.378685,252.2442907,31107.40678,252.2442907,2
86,146.0593772,147.2707266,126.0488581,15008.55336,252.2138408,10.609283,30617.01481,252.2138408,9613.99045,252.2138408,29994.66768,252.2138408,3
87,149.0798616,148.7984775,128.0817993,15134.01979,252.2138408,10.599631,28876.54547,252.2138408,9729.268927,252.2138408,27979.82187,252.2138408,3
88,149.2726644,147.9408997,127.7235986,15518.35003,252.2138408,10.582915,26669.43903,252.2138408,9930.258962,252.2138408,25896.83765,252.2138408,3
89,146.9492042,146.9006228,127.1233218,16032.26464,252.2138408,10.60801,26817.87031,252.2138408,9864.542284,252.2138408,26065.39349,252.2138408,3
90,148.0181315,148.5912803,127.5815917,15995.41716,252.2138408,10.357143,22141.28415,252.2138408,11241.52249,252.2138408,22098.14145,252.2138408,3
91,154.7986159,152.5824221,135.6303114,17101.00388,252.2138408,10.555222,28946.20498,252.2138408,10154.72664,252.2138408,28447.73522,252.2138408,3
92,150.8013841,149.9908651,125.1226298,18434.25564,252.099654,11.100366,30424.11986,252.099654,9409.827543,252.099654,30946.96277,252.099654,?
93,123.9186159,126.1141869,97.24124567,17305.53744,252.2138408,10.407745,29083.57052,252.2138408,11324.37495,252.2138408,27253.97453,252.2138408,3
94,118.7980623,119.3541869,95.19460208,14400.32194,252.2138408,10.566252,26767.79571,252.2138408,9281.226298,252.2138408,24372.46754,252.2138408,3
95,127.0764014,127.0548097,107.3307958,14175.94616,252.2138408,10.564521,24469.72734,252.2138408,9585.010796,252.2138408,22869.80803,252.2138408,3
96,134.6599308,135.2650519,115.2593772,14500.56664,252.2138408,10.56696,25735.56249,252.2138408,9644.072249,252.2138408,24464.6537,252.2138408,3
97,141.9565398,140.0606228,121.177301,14888.76554,252.2138408,10.5708885,28156.21522,252.2138408,9728.176194,252.2138408,27479.86367,252.2138408,3
98,144.2256055,144.833218,124.3479585,14945.37149,252.2138408,10.592398,29450.65246,252.2138408,9573.722907,252.2138408,29277.80747,252.2138408,3
99,146.4625606,147.7982007,129.5312111,15135.5391,252.2138408,10.581542,29488.77799,252.2138408,9696.863391,252.2138408,29572.29619,252.2138408,3
100,147.7829758,149.0948097,130.617301,15256.8937,252.2138408,10.563489,28587.98464,252.2138408,9791.050381,252.2138408,28527.54242,252.2138408,3
101,150.6885813,149.6470588,131.8365398,15418.17772,252.2138408,10.578827,27776.08775,252.2138408,9790.345606,252.2138408,27182.67931,252.2138408,3
102,147.9573702,148.2260208,130.2545329,15621.06408,252.2138408,10.603936,26608.8836,252.2138408,9703.18782,252.2138408,26027.64678,252.2138408,3
103,146.0019377,147.1241522,130.9617993,16921.96401,252.2138408,10.5029745,27913.9899,252.2138408,10701.60484,252.2138408,27471.48457,252.2138408,3
104,157.0685121,156.170519,139.3519723,15530.67709,252.2138408,10.531902,25422.97315,252.2138408,9770.924706,252.2138408,24869.10284,252.2138408,3
105,153.0525952,151.4617301,133.3893426,15827.31668,252.099654,11.056177,26679.65592,252.099654,8678.677785,252.099654,26506.51765,252.099654,?
106,135.0541176,135.6955017,110.9097578,19036.40208,252.2138408,10.394711,30849.75017,252.2138408,12666.40554,252.2138408,30126.21993,252.2138408,3
107,127.3114187,127.9361938,103.6981315,14118.94159,252.2138408,10.484754,24614.77744,252.2138408,9794.024221,252.2138408,23160.12858,252.2138408,3
108,128.6034602,131.9421453,110.1168166,14171.60318,252.2138408,10.560391,24832.13924,252.2138408,9534.756678,252.2138408,23449.65689,252.2138408,3
109,138.7521107,139.3828374,119.2574394,14346.73979,252.2138408,10.536809,24518.15336,252.2138408,9681.573979,252.2138408,23431.24194,252.2138408,3
110,145.20609,143.12609,124.7154325,14800.03958,252.2138408,10.528913,25807.36055,252.2138408,9853.9791,252.2138408,25222.82104,252.2138408,3
111,148.8899654,148.1947405,129.9462976,15275.84249,252.2138408,10.558965,28518.84166,252.2138408,9836.668651,252.2138408,28394.65218,252.2138408,3
112,148.6729412,150.1688581,131.7104498,15066.45522,252.2138408,10.548029,27977.46574,252.2138408,9827.35391,252.2138408,28263.62381,252.2138408,3
113,152.8899654,150.3860208,136.5714879,15111.92554,252.2138408,10.5817995,28838.39294,252.2138408,9548.530657,252.2138408,28976.42547,252.2138408,3
114,151.726782,150.6449827,134.2578547,15281.60042,252.2138408,10.582448,28692.06491,252.2138408,9584.525675,252.2138408,28508.49993,252.2138408,3
115,150.1651211,150.4624221,132.9141869,15292.64664,252.2138408,10.505544,24686.13827,252.2138408,10212.68443,252.2138408,24717.10242,252.2138408,3
116,155.3458824,150.3128028,136.6698962,15887.21592,252.2138408,10.452794,23168.16484,252.2138408,10649.10464,252.2138408,23544.90159,252.2138408,3
117,158.749481,154.2798616,141.7389619,15525.48844,252.2138408,10.560327,24093.00014,252.2138408,9817.59917,252.2138408,24264.6328,252.2138408,3
118,152.0950865,153.4514879,135.3602768,14159.65564,252.099654,10.891636,18581.9654,252.099654,9562.910727,252.099654,18792.87806,252.099654,?
119,132.3576471,138.7838062,107.5231834,20238.68042,252.2138408,10.333706,28833.23945,252.2138408,13276.42353,252.2138408,29809.30713,252.2138408,3
120,128.7028374,134.5624913,104.9180623,14540.11931,252.2138408,10.593365,30651.04969,252.2138408,9103.838339,252.2138408,29053.73412,252.2138408,3
121,133.643737,134.4370934,113.9191696,14167.91142,252.2138408,10.554952,25218.66311,252.2138408,9486.349758,252.2138408,23945.84277,252.2138408,3
122,144.4842907,142.1738408,124.1764706,14402.59612,252.2138408,10.509855,23124.60664,252.2138408,9786.781176,252.2138408,22270.27557,252.2138408,3
123,147.4419377,144.7970934,129.1342561,14990.79266,252.2138408,10.496539,23951.70962,252.2138408,10000.93689,252.2138408,23180.4036,252.2138408,3
124,150.2130104,148.9299654,134.2408304,15472.09163,252.2138408,10.536154,27196.70201,252.2138408,9905.640138,252.2138408,26613.8609,252.2138408,3
125,149.7634602,150.4341869,135.1791003,15567.65287,252.2138408,10.572782,29108.21813,252.2138408,9696.602076,252.2138408,29186.97716,252.2138408,3
126,152.0899654,151.6840138,136.9800692,15665.67779,252.2442907,10.462231,29755.66339,252.2442907,9686.739931,252.2442907,30334.91571,252.2442907,2
127,149.553218,151.2733564,134.0513495,15564.50851,252.2138408,10.549738,28582.08498,252.2138408,9739.886505,252.2138408,29364.08166,252.2138408,3
128,150.2292042,151.887474,133.8416609,15704.95322,252.2138408,10.567739,28762.04913,252.2138408,9758.677232,252.2138408,28919.5982,252.2138408,3
129,151.0202076,152.5114187,133.2646367,16003.41924,252.2138408,10.503038,26018.90298,252.2138408,10288.10408,252.2138408,26324.46242,252.2138408,3
130,149.5980623,152.0907958,134.8823529,15773.58353,252.2138408,10.523856,24076.42284,252.2138408,10133.75903,252.2138408,24692.28997,252.2138408,3
131,155.0523183,154.0228374,141.1706574,15754.9164,252.2138408,10.500015,23006.90616,252.2138408,10435.11225,252.2138408,23448.65882,252.2138408,3
132,132.6999308,134.7256747,112.7467128,19933.2746,252.2138408,10.258416,26846.89301,252.2138408,13514.57606,252.2138408,29014.95059,252.2138408,3
133,128.9828374,132.3706574,107.0182699,15126.92498,252.2138408,10.642773,35247.03405,252.2138408,8994.868651,252.2138408,34670.72484,252.2138408,3
134,136.3612457,137.1096194,115.4470588,14168.49952,252.2138408,10.51833,25660.80927,252.2138408,9586.551557,252.2138408,25097.16706,252.2138408,3
135,144.9144637,143.0379239,124.2235294,14417.15142,252.2138408,10.451694,21987.54602,252.2138408,10155.49453,252.2138408,21582.42159,252.2138408,3
136,149.7360554,147.919308,128.7559862,14643.75336,252.2138408,10.459628,21932.7164,252.2138408,10125.73066,252.2138408,21374.96595,252.2138408,3
137,152.5447751,150.6171626,133.5204152,15044.75017,252.2138408,10.480629,23416.54699,252.2138408,10089.27336,252.2138408,22958.78865,252.2138408,3
138,157.8206228,154.0827682,140.0397232,15564.12388,252.2138408,10.422366,23899.55516,252.2138408,10706.40775,252.2138408,24603.84651,252.2138408,3
139,162.4517647,154.5717647,143.4644983,15602.88595,252.2138408,10.449021,24898.98381,252.2138408,10541.95737,252.2138408,26399.53938,252.2138408,3
140,159.8191003,154.1713495,140.9402076,15499.86408,252.2138408,10.465074,25310.14187,252.2138408,10314.17384,252.2138408,26869.73855,252.2138408,3
141,158.4080277,154.410519,141.0029066,15484.49052,252.2138408,10.483622,25842.09716,252.2138408,10245.20803,252.2138408,27095.52803,252.2138408,3
142,158.3482353,153.2034602,140.5043599,15609.34367,252.2138408,10.502733,25992.59474,252.2138408,10389.56429,252.2138408,26407.60789,252.2138408,3
143,157.3547405,152.0359862,139.7310727,15617.18076,252.2138408,10.518463,23594.57896,252.2138408,10270.92484,252.2138408,24189.95585,252.2138408,3
144,157.3793772,154.8620069,143.132872,15580.24872,252.2138408,10.513907,23769.5301,252.2138408,10352.74893,252.2138408,24142.09772,252.2138408,3
145,139.7595848,139.9623529,118.5262284,21564.41495,252.2138408,10.234412,27093.25509,252.2138408,14710.10782,252.2138408,30330.28609,252.2138408,3
146,135.9537716,137.430173,113.8692042,14209.00886,252.2442907,10.471851,28471.76388,252.2442907,9179.431696,252.2442907,28848.27792,252.2442907,2
147,139.5415917,143.0387543,118.6841522,14405.86381,252.2138408,10.587879,28234.70727,252.2138408,9246.220484,252.2138408,28171.70242,252.2138408,3
148,140.6491349,145.5609689,122.2856747,14704.1182,252.2138408,10.637014,27181.51626,252.2138408,9106.567751,252.2138408,26261.90118,252.2138408,3
149,141.6764014,147.6786159,124.0708651,15201.75626,252.2138408,10.678525,27206.21149,252.2138408,8964.090242,252.2138408,25950.60471,252.2138408,3
150,142.9076817,149.4516263,125.266436,15508.77218,252.2138408,10.686693,28182.80318,252.2138408,8985.486367,252.2138408,26593.52125,252.2138408,3
151,145.0563322,151.1438062,127.1523875,16023.28097,252.2138408,10.66507,30205.59737,252.2138408,9224.772318,252.2138408,29368.24678,252.2138408,3
152,150.2422145,154.5934948,132.2085813,16008.01412,252.2138408,10.581068,28759.92042,252.2138408,9868.47128,252.2138408,29655.43903,252.2138408,3
153,156.4200692,155.5786851,137.1558478,15963.07003,252.2138408,10.594597,29335.15128,252.2138408,9809.418408,252.2138408,30665.47723,252.2138408,3
154,155.0866436,156.1505882,136.8937024,15747.80872,252.2138408,10.638223,30840.11848,252.2138408,9510.880692,252.2138408,31636.43336,252.2138408,3
155,152.9887889,155.5231834,135.8145329,15943.17232,252.2138408,10.583395,29582.25453,252.2138408,9973.19737,252.2138408,29957.6555,252.2138408,3
156,153.0698962,155.7570934,135.7817301,16335.55986,252.2138408,10.539372,27772.05965,252.2138408,10673.10824,252.2138408,28238.81979,252.2138408,3
157,156.9399308,156.1904498,139.4394464,16150.75474,252.2138408,10.475676,25635.25606,252.2138408,10978.78505,252.2138408,26146.47599,252.2138408,3
158,148.7431142,147.6808304,127.577301,20077.34685,252.2138408,10.298288,27840.03502,252.2138408,13862.96512,252.2138408,30883.19765,252.2138408,3
159,139.9979239,144.3789619,120.8723875,14954.3027,252.2138408,10.543443,30264.11502,252.2138408,9730.098131,252.2138408,31472.48858,252.2138408,3
160,144.4311419,148.8296194,125.2283737,14559.32429,252.2442907,10.518269,30353.31516,252.2442907,9219.984775,252.2442907,30708.82228,252.2442907,2
161,146.3975087,150.686782,127.0478893,14919.83529,252.2138408,10.653195,29007.30547,252.2138408,9256.706436,252.2138408,28853.99585,252.2138408,3
162,144.6415225,149.8531488,127.0091349,15099.05633,252.2138408,10.709955,28340.17689,252.2138408,8923.196955,252.2138408,27324.72734,252.2138408,3
163,144.08609,150.9187543,126.7806228,15431.5074,252.2138408,10.692641,28167.10325,252.2138408,9011.807474,252.2138408,26590.48097,252.2138408,3
164,143.1597232,151.7828374,125.6885813,15829.95696,252.2138408,10.683559,29660.01869,252.2138408,9177.170381,252.2138408,28174.16623,252.2138408,3
165,145.0889965,155.4758478,126.55391,16176.08083,252.2138408,10.710957,32913.13744,252.2138408,9021.967474,252.2138408,32310.3045,252.2138408,3
166,148.1547405,155.4589619,129.6992388,15879.71972,252.2138408,10.688169,32146.3499,252.2138408,9264.094948,252.2138408,32458.43945,252.2138408,3
167,148.5415917,154.9604152,130.2220069,15701.37149,252.2138408,10.688603,32621.79017,252.2138408,9249.540208,252.2138408,32842.14851,252.2138408,3
168,151.9332872,155.927474,133.4816609,15921.0281,252.2138408,10.629619,33134.69107,252.2138408,9696.650796,252.2138408,33373.3791,252.2138408,3
169,152.5770242,156.8282353,135.4885813,14924.01924,252.2138408,10.5292635,24470.42588,252.2138408,10274.99958,252.2138408,24927.96969,252.2138408,3
170,155.5609689,153.5645675,138.8103806,15344.31211,252.2138408,10.448681,22680.93024,252.2138408,10974.40498,252.2138408,23466.24152,252.2138408,3
171,164.7194464,158.6661592,147.7696886,15772.43986,252.2138408,10.191248,19632.13509,252.2138408,12481.41149,252.2138408,21076.11903,252.2138408,3
172,156.1395156,157.1916955,140.0328028,15109.8328,252.2138408,10.23424,19782.42962,252.2138408,12003.32983,252.2138408,21517.21702,252.2138408,3
173,155.3461592,157.769827,137.4602076,14882.40526,252.2138408,10.398869,24943.45592,252.2138408,11100.37744,252.2138408,26578.05827,252.2138408,3
174,153.7442215,155.7916955,136.1065744,14664.69702,252.2138408,10.4654665,25402.11045,252.2138408,10765.92152,252.2138408,26438.68761,252.2138408,3
175,154.0501038,156.6361246,136.8894118,14904.44111,252.2138408,10.494643,25257.87986,252.2138408,10451.31889,252.2138408,25388.05246,252.2138408,3
176,153.1141869,154.1811765,137.6953633,14888.00138,252.2138408,10.529148,24969.31114,252.2138408,9988.579792,252.2138408,24061.78616,252.2138408,3
177,153.7568166,152.1147405,140.7469896,15029.28775,252.2138408,10.483192,24305.45619,252.2138408,10107.64332,252.2138408,23366.39557,252.2138408,3
178,157.123737,155.6514879,142.049827,15778.56097,252.2138408,10.467803,25248.53855,252.2138408,10470.7773,252.2138408,25193.29135,252.2138408,3
179,160.6193772,158.3862976,146.1694118,16430.42381,252.2138408,10.453708,27589.87322,252.2138408,10916.36125,252.2138408,28424.47529,252.2138408,3
180,160.353218,160.1712111,145.3288581,15483.81495,252.2138408,10.47085,26111.2526,252.2138408,10659.28512,252.2138408,27300.4573,252.2138408,3
181,156.4346021,154.940346,139.3278893,14094.67516,252.2138408,10.448449,22266.449,252.2138408,10395.49481,252.2138408,23055.81952,252.2138408,3
182,156.0632526,150.9313495,141.9792388,14378.74021,252.2138408,10.456402,22842.67419,252.2138408,10518.40567,252.2138408,23438.91543,252.2138408,3
183,156.379654,147.2242215,141.5313495,15229.20111,252.099654,10.886238,23632.93827,252.099654,10706.78021,252.099654,24239.80775,252.099654,?
184,152.8099654,156.043737,134.3384083,15603.40152,252.099654,11.070968,31947.55612,252.099654,9376.257301,252.099654,32091.65495,252.099654,?
185,152.6539792,154.6208997,135.4175779,15769.76069,252.099654,10.9759035,28485.17315,252.099654,10233.13066,252.099654,28891.86131,252.099654,?
186,158.0802768,159.0808304,140.2575779,15472.99253,252.099654,10.922827,24149.91087,252.099654,10635.20913,252.099654,24688.29993,252.099654,?
187,152.973564,150.7251211,135.6247751,14683.67709,252.2138408,10.359189,20074.849,252.2138408,11400.86574,252.2138408,20729.88125,252.2138408,3
188,156.2458131,149.9446367,135.3039446,14754.0901,252.2138408,10.3867235,19830.83405,252.2138408,11360.26713,252.2138408,20146.87294,252.2138408,3
189,155.8413841,145.16,135.0213149,15496.61772,252.2138408,10.418855,19051.99696,252.2138408,11497.00166,252.2138408,19395.83958,252.2138408,3
190,149.2567474,142.0556401,127.6350173,16690.58588,252.2138408,10.465674,19852.14007,252.2138408,11456.86076,252.2138408,20571.16042,252.2138408,3
191,146.0669896,140.8513495,123.2889965,16006.06948,252.2138408,10.40111,17838.00872,252.2138408,11535.82533,252.2138408,18242.06145,252.2138408,3
192,146.1180623,141.2754325,120.1926644,15425.04484,252.2442907,10.158761,15009.53661,252.2442907,11713.87723,252.2442907,14753.26851,252.2442907,2
193,141.0841522,135.3777163,114.996955,15797.05993,252.2442907,10.111543,14614.22533,252.2442907,12355.29398,252.2442907,13798.59654,252.2442907,2
194,142.459654,132.7835294,120.7510035,19868.05578,252.2138408,10.281086,20648.34547,252.2138408,14255.38851,252.2138408,18011.75779,252.2138408,3
195,145.4989619,136.019654,119.5385467,21797.80775,252.2138408,10.008711,16979.62782,252.2138408,18243.57952,252.2138408,14711.25606,252.2138408,3
196,150.0772318,156.1085121,132.4318339,15220.70948,252.099654,10.97423,28702.37343,252.099654,9965.417439,252.099654,29429.91017,252.099654,?
197,155.5485121,158.1857439,138.4548097,14286.72221,252.099654,10.878319,22858.01412,252.099654,10380.00401,252.099654,23456.5409,252.099654,?
198,154.5936332,149.5944637,140.0386159,14951.31336,252.2138408,10.506118,23845.29758,252.2138408,10473.84346,252.2138408,24406.87765,252.2138408,3
199,155.6881661,149.262699,138.0106574,14914.43308,252.2138408,10.361114,20447.53633,252.2138408,11371.48526,252.2138408,21253.63405,252.2138408,3
200,154.9634602,150.0862284,134.9338408,14391.8883,252.2138408,10.359122,19044.25882,252.2138408,11330.83363,252.2138408,19485.19516,252.2138408,3
201,155.4094118,144.2624221,135.5245675,15125.57163,252.2138408,10.365187,18612.27848,252.2138408,11622.98394,252.2138408,18987.75197,252.2138408,3
202,148.7276125,138.6747405,128.2546713,15909.70381,252.2138408,10.386309,18204.24166,252.2138408,11970.08346,252.2138408,18511.42021,252.2138408,3
203,145.3832526,137.4721107,123.1226298,15677.4764,252.2138408,10.396675,17289.39806,252.2138408,11769.7092,252.2138408,17409.45702,252.2138408,3
204,144.7079585,137.4359862,120.533564,15579.83958,252.2138408,10.267897,14935.06242,252.2138408,12124.52014,252.2138408,14821.26131,252.2138408,3
205,142.2729412,132.6370934,118.6985467,15947.16512,252.2138408,10.341207,16362.54256,252.2138408,11983.2526,252.2138408,15920.47972,252.2138408,3
206,139.3395156,132.4656055,117.4388927,18463.42422,252.2138408,10.372368,19541.23308,252.2138408,12682.26242,252.2138408,18501.16886,252.2138408,3
207,144.7680277,132.0289273,117.9580623,28340.12166,252.099654,10.373845,19105.55875,252.099654,23563.42713,252.099654,18566.83848,252.099654,?
208,166.5699654,154.8189619,151.8744637,14336.90381,252.2138408,10.37894,21251.46948,252.2138408,10884.69509,252.2138408,22362.77647,252.2138408,3
209,161.0960554,150.743391,146.2235294,14102.35363,252.2138408,10.442882,22826.99211,252.2138408,10446.43709,252.2138408,23535.86685,252.2138408,3
210,155.5943253,145.9645675,141.7786851,14304.81689,252.2138408,10.492236,23833.88678,252.2138408,10202.39986,252.2138408,24043.29163,252.2138408,3
211,153.8347405,146.8089965,136.8524567,15135.33924,252.2138408,10.432647,21949.27696,252.2138408,10936.29412,252.2138408,22759.66907,252.2138408,3
212,151.4523183,146.6888581,134.0981315,14213.76734,252.2138408,10.386473,18463.61329,252.2138408,11056.71571,252.2138408,19121.05606,252.2138408,3
213,150.360692,143.6829066,132.7078201,14329.68069,252.2138408,10.377773,17707.46021,252.2138408,11210.50907,252.2138408,18339.5701,252.2138408,3
214,147.0881661,138.2597924,128.0903806,15557.50713,252.2138408,10.398535,18423.08069,252.2138408,11667.71751,252.2138408,18890.13066,252.2138408,3
215,147.2968858,135.6388927,125.3712111,15614.47142,252.2138408,10.443683,18178.75239,252.2138408,11358.73813,252.2138408,18296.35682,252.2138408,3
216,146.9984775,136.3146021,122.9184775,15790.71363,252.2138408,10.2475195,14899.49121,252.2138408,12516.18768,252.2138408,15235.36111,252.2138408,3
217,141.5817301,135.076263,120.4632526,16311.76609,252.2138408,10.461202,18672.57093,252.2138408,11297.79792,252.2138408,18985.54422,252.2138408,3
218,144.9528028,134.8208997,121.7011765,20695.57218,252.2138408,10.341888,19936.01702,252.2138408,14864.18644,252.2138408,20536.32761,252.2138408,3
219,148.3453287,134.6447059,119.2816609,31089.57481,252.099654,10.309485,18779.63668,252.099654,25477.0782,252.099654,20006.19322,252.099654,?
220,162.6582699,153.2689273,147.9653979,14393.86588,252.2138408,10.431665,22945.9355,252.2138408,10655.57564,252.2138408,23957.56789,252.2138408,3
221,159.8971626,149.1879585,142.5508651,14223.73343,252.2138408,10.475876,24136.25924,252.2138408,10346.7146,252.2138408,24920.51405,252.2138408,3
222,156.3346713,148.1529412,138.5374394,14228.36318,252.2138408,10.435443,22796.28332,252.2138408,10533.23183,252.2138408,23323.21398,252.2138408,3
223,151.3788235,144.7493426,134.8178547,15223.48789,252.2138408,10.466343,22930.83017,252.2138408,10728.46561,252.2138408,23497.35599,252.2138408,3
224,148.3370242,143.4340484,134.5098962,14222.48111,252.2138408,10.483334,19229.4901,252.2138408,10468.01979,252.2138408,19900.64457,252.2138408,3
225,150.2632526,145.7474048,134.2649135,14199.70713,252.2138408,10.4928,18890.14298,252.2138408,10339.22021,252.2138408,19384.3254,252.2138408,3
226,146.7619377,138.0680969,129.2853979,14885.23585,252.2138408,10.537511,20462.23626,252.2138408,10391.39211,252.2138408,20376.03571,252.2138408,3
227,142.5407612,134.2653287,122.5247059,15261.2054,252.2138408,10.431026,18012.83543,252.2138408,11128.00138,252.2138408,17821.21799,252.2138408,3
228,143.0784775,135.2513495,120.384083,14603.14215,252.2138408,10.382523,15970.26907,252.2138408,11348.85979,252.2138408,15989.9874,252.2138408,3
229,138.3910035,132.6950865,116.2888581,15540.85453,252.2138408,10.415656,17246.95543,252.2138408,11486.96125,252.2138408,17534.88277,252.2138408,3
230,146.9947405,135.4343253,123.8784775,20164.41896,252.2138408,10.317336,19788.8526,252.2138408,14856.24263,252.2138408,20619.6699,252.2138408,3
231,145.1323183,135.8163322,116.610519,45174.95737,252.099654,-236.11642,24568.19502,252.099654,37668.61315,252.099654,27811.11516,252.099654,?
232,161.5195848,154.1659516,145.3291349,14131.21813,252.2138408,10.556939,25404.80609,252.2138408,9868.920277,252.2138408,25387.0573,252.2138408,3
233,155.3950173,145.6758478,139.9799308,14561.03114,252.2442907,10.564723,33115.61204,252.2442907,8981.195433,252.2442907,32707.05758,252.2442907,2
234,150.179654,144.709481,134.3550173,14500.24318,252.2138408,10.542381,26082.36125,252.2138408,9780.22519,252.2138408,26253.70671,252.2138408,3
235,150.4370934,143.9629066,135.0279585,15284.12083,252.2138408,10.448482,23157.46311,252.2138408,10593.80803,252.2138408,23571.84844,252.2138408,3
236,151.6034602,145.8842907,137.7748097,16777.70574,252.2138408,10.504348,26636.64471,252.2138408,10723.58339,252.2138408,27399.92581,252.2138408,3
237,147.3504498,145.0539792,133.7017301,18651.29785,252.2138408,10.569571,29379.44927,252.2138408,11040.06713,252.2138408,30704.67114,252.2138408,3
238,138.2513495,134.5180623,123.2415225,19218.51751,252.2138408,10.635171,30960.26464,252.2138408,10868.31668,252.2138408,31264.17315,252.2138408,3
239,133.7541869,130.5417301,119.503391,17090.21066,252.2138408,10.568055,27514.3272,252.2138408,10598.88997,252.2138408,24789.77661,252.2138408,3
240,132.2728028,129.9802076,115.1778547,17198.8645,252.2138408,10.4523735,25097.09993,252.2138408,12787.96318,252.2138408,23558.70699,252.2138408,3
241,135.6099654,131.1757785,117.6329412,16791.80567,252.2138408,10.404914,21794.08069,252.2138408,12660.12941,252.2138408,21636.27696,252.2138408,3
242,135.5943253,127.5480969,117.579654,18574.96789,252.2138408,10.501437,26284.36747,252.2138408,12698.00858,252.2138408,26266.36969,252.2138408,3
243,139.8477509,130.6117647,119.0884429,28029.41481,252.099654,10.319025,17265.58242,252.099654,21559.06478,252.099654,18660.63945,252.099654,?
244,160.2222837,156.9337024,146.7522491,16651.77744,252.2138408,10.503859,31379.18893,252.2138408,10876.02159,252.2138408,30687.1481,252.2138408,3
245,149.3457439,147.2914879,134.6408304,14993.44221,252.2138408,10.675793,34268.85038,252.2138408,8843.977439,252.2138408,33196.5128,252.2138408,3
246,141.5966782,146.8217301,125.1957093,16801.2472,252.2138408,10.661491,36484.34394,252.2138408,9404.589481,252.2138408,37440.41439,252.2138408,3
247,137.2013841,141.2179931,122.4298962,17347.7791,252.2138408,10.606892,35852.4681,252.2138408,10196.15391,252.2138408,37195.10145,252.2138408,3
248,148.1226298,145.2521799,136.6024913,18544.01993,252.267128,10.345946,32692.30768,252.267128,11264.969,252.267128,34627.40554,252.267128,4
249,151.2181315,150.1015917,139.2073356,18205.80235,252.2138408,10.407459,23535.99253,252.2138408,12379.8036,252.2138408,24884.3517,252.2138408,3
250,150.8578547,155.3105882,132.4084429,20034.35003,252.2138408,10.635487,32110.25827,252.2138408,11199.41398,252.2138408,32983.25619,252.2138408,3
251,154.3479585,158.236263,125.6040138,18147.71266,252.2138408,10.617678,31830.68221,252.2138408,11892.55889,252.2138408,29172.82519,252.2138408,3
252,151.1504498,156.6119031,124.1105882,20984.55543,252.2138408,10.056976,25968.93204,252.2138408,27428.32692,252.2138408,26391.33121,252.2138408,3
253,134.2441522,139.7707958,116.760692,20344.369,252.2138408,9.985298,24219.02602,252.2138408,28970.36706,252.2138408,24977.07945,252.2138408,3
254,132.6193772,137.2512111,113.0481661,14839.43045,252.099654,10.861711,21314.81426,252.099654,13044.72346,252.099654,20395.78048,252.099654,?
255,131.356955,135.5442215,110.2757093,16073.29675,252.099654,10.67004,16090.58478,252.099654,11844.90754,252.099654,15913.72706,252.099654,?
256,169.0752941,160.273218,155.5601384,15943.67336,252.2138408,10.2199,21042.15958,252.2138408,12777.74519,252.2138408,22574.24581,252.2138408,3
257,162.8193772,157.3799308,151.2185467,14959.88028,252.2138408,10.231563,19209.66284,252.2138408,12406.52235,252.2138408,20991.45799,252.2138408,3
258,161.5072664,157.3529412,147.5832526,14250.53661,252.2138408,10.330729,20487.65218,252.2138408,11636.90879,252.2138408,22009.81218,252.2138408,3
259,160.1133564,156.8798616,146.0470588,14083.61522,252.2138408,10.355507,20465.60221,252.2138408,11447.72,252.2138408,21677.99225,252.2138408,3
260,161.0466436,155.8866436,147.7330104,14047.48304,252.2138408,10.335524,19373.36651,252.2138408,11281.81121,252.2138408,19977.96803,252.2138408,3
261,156.3338408,151.4465052,143.0878893,13943.50159,252.2138408,10.419188,20190.36332,252.2138408,10358.16208,252.2138408,19694.92042,252.2138408,3
262,154.9504498,150.9946021,141.1020069,14080.09052,252.2442907,10.292964,19774.53426,252.2442907,10413.30201,252.2442907,19231.72388,252.2442907,2
263,160.2208997,154.3583391,145.290519,14567.24997,252.2442907,10.3044615,20580.32263,252.2442907,10564.13038,252.2442907,20335.35599,252.2442907,2
264,161.1442215,155.9255363,147.576609,15830.02104,252.2138408,10.365766,22510.94851,252.2138408,11276.43848,252.2138408,23371.53246,252.2138408,3
265,167.782699,161.2462284,153.1253979,14661.35709,252.2138408,10.343701,20433.91889,252.2138408,11164.01979,252.2138408,21648.06215,252.2138408,3
266,162.970519,152.6876125,148.1725952,14076.11931,252.099654,10.815097,21369.30657,252.099654,10671.37689,252.099654,22354.44083,252.099654,?
267,157.0386159,147.5918339,143.5541869,14216.32111,252.099654,10.882338,23554.76304,252.099654,10328.98561,252.099654,24043.87682,252.099654,?
268,155.2703114,146.2721107,140.5983391,14875.6645,252.099654,10.887516,23439.38685,252.099654,10508.46616,252.099654,23839.88581,252.099654,?
269,169.7940484,160.3586159,151.0167474,15961.03751,252.2138408,10.322428,23483.95211,252.2138408,12622.61564,252.2138408,24925.01384,252.2138408,3
270,165.5851903,157.8747405,151.1201384,14935.83031,252.2442907,10.182034,20661.70519,252.2442907,12612.26104,252.2442907,22284.09426,252.2442907,2
271,161.2620069,155.3548789,147.7136332,14322.94602,252.2442907,10.22153,21304.97163,252.2442907,12053.8519,252.2442907,22848.6782,252.2442907,2
272,162.6945329,156.0485813,149.7295502,14107.19031,252.2442907,10.190864,20750.19419,252.2442907,12008.46311,252.2442907,22293.00194,252.2442907,2
273,161.8375087,153.9205536,148.0746021,13866.70353,252.2442907,10.16301,19713.85163,252.2442907,11860.40415,252.2442907,20849.49218,252.2442907,2
274,160.3503114,152.280692,145.739654,13813.05979,252.2442907,10.215333,19780.15972,252.2442907,11000.9092,252.2442907,19972.76055,252.2442907,2
275,153.5147405,148.9345329,139.3518339,13630.53869,252.2442907,10.361777,21383.06782,252.2442907,9819.869758,252.2442907,20828.87266,252.2442907,2
276,155.5944637,149.803045,140.6337716,13801.13052,252.2442907,10.355425,21194.16014,252.2442907,9860.986574,252.2442907,20717.009,252.2442907,2
277,155.1875433,150.4189619,143.2937024,15171.10256,252.2138408,10.43914,24414.4292,252.2138408,10632.249,252.2138408,24438.58768,252.2138408,3
278,165.0429066,158.3364706,150.4747405,14407.6418,252.2138408,10.336782,20710.16789,252.2138408,11106.85232,252.2138408,21680.86159,252.2138408,3
279,163.5659516,151.3976471,148.1774394,14348.90076,252.099654,10.892019,24105.79446,252.099654,10342.59377,252.099654,25037.87945,252.099654,?
280,158.4995156,148.7301038,140.9868512,14143.22215,252.099654,10.854752,23231.12637,252.099654,10512.76969,252.099654,23990.0782,252.099654,?
281,155.4480277,147.3462976,137.8662976,14420.30547,252.099654,10.864208,22590.54145,252.099654,10479.40014,252.099654,22969.60927,252.099654,?
282,164.0779239,156.5209689,142.8955017,16152.98325,252.2138408,10.352104,24155.94505,252.2138408,12561.06187,252.2138408,25683.35391,252.2138408,3
283,162.5180623,155.8532872,145.6750173,14757.87377,252.2138408,10.394989,22146.52526,252.2138408,11763.471,252.2138408,23264.02478,252.2138408,3
284,159.6262976,153.9007612,143.8398616,14371.39682,252.2138408,10.4038725,22900.03502,252.2138408,11692.2292,252.2138408,24041.32955,252.2138408,3
285,160.8207612,154.1784083,144.3815917,14072.70948,252.2442907,10.314552,23513.31779,252.2442907,11478.87294,252.2442907,24642.61606,252.2442907,2
286,162.492872,153.3357785,145.9021453,13945.67502,252.2442907,10.22282,21328.70768,252.2442907,11935.48443,252.2442907,22660.86491,252.2442907,2
287,161.3749481,151.013564,145.2089965,13677.26851,252.2442907,10.266244,21528.86713,252.2442907,11114.34879,252.2442907,22117.55779,252.2442907,2
288,150.1635986,147.2297578,136.0726644,13450.98201,252.2442907,10.390079,22711.06422,252.2442907,9701.365536,252.2442907,22331.15349,252.2442907,2
289,148.9345329,146.8740484,134.0388927,13582.70422,252.2442907,10.425766,22819.59239,252.2442907,9412.482076,252.2442907,22253.15017,252.2442907,2
290,149.5980623,147.6170242,136.7731488,15000.54076,252.2442907,10.363201,24283.08152,252.2442907,10377.12014,252.2442907,24017.27349,252.2442907,2
291,160.4617301,156.4092734,145.8282353,14369.45592,252.2442907,10.312203,22223.34851,252.2442907,10646.47889,252.2442907,22574.54907,252.2442907,2
292,159.6321107,147.793218,143.9404844,14209.54685,252.2138408,10.623626,28591.74062,252.2138408,9463.661869,252.2138408,28453.54574,252.2138408,3
293,153.3934948,146.269481,137.4056747,13836.84803,252.099654,11.050013,28792.71128,252.099654,9022.789066,252.099654,28442.58173,252.099654,?
294,151.8091349,145.5929412,135.5778547,14345.47322,252.099654,10.888745,22641.45772,252.099654,10236.77426,252.099654,22901.18865,252.099654,?
295,163.0892734,157.1869896,138.2873356,16217.62325,252.2138408,10.397263,26260.5928,252.2138408,12054.26173,252.2138408,27817.71474,252.2138408,3
296,158.4877509,152.7910035,140.689827,15305.25993,252.2138408,10.38813,22716.16194,252.2138408,11412.24595,252.2138408,23906.76263,252.2138408,3
297,157.4420761,152.3817301,139.4466436,14996.21993,252.2138408,10.508828,26575.97163,252.2138408,10858.5982,252.2138408,27016.36194,252.2138408,3
298,154.2016609,150.3896194,136.1775779,14656.4054,252.2138408,10.451397,25198.51474,252.2138408,11492.04388,252.2138408,26127.71543,252.2138408,3
299,158.0311419,151.4188235,141.2069204,14072.16028,252.2138408,10.435624,24408.1319,252.2138408,11430.82837,252.2138408,25472.79128,252.2138408,3
300,154.6909343,148.6019377,138.0052595,13961.01785,252.2138408,10.408602,23861.14851,252.2138408,11318.69661,252.2138408,24858.36747,252.2138408,3
301,148.4871972,145.2614533,133.2579931,13891.16692,252.2138408,10.459797,24320.3474,252.2138408,10340.1946,252.2138408,24523.91668,252.2138408,3
302,145.3688581,144.9973702,130.9802076,14053.44401,252.2138408,10.512482,24115.5827,252.2138408,9757.068651,252.2138408,23623.1009,252.2138408,3
303,146.3368858,145.6199308,132.8148097,14609.89869,252.2442907,10.348134,22440.75972,252.2442907,10319.13052,252.2442907,21983.70381,252.2442907,2
304,156.2099654,152.8022145,144.5248443,16812.86519,252.2442907,10.450975,34449.83419,252.2442907,10373.01619,252.2442907,32755.29965,252.2442907,2
305,157.1046367,151.919308,141.8181315,16686.33121,252.2138408,10.577389,34733.79059,252.2138408,10457.18824,252.2138408,34072.51003,252.2138408,3
306,144.7436678,143.1435294,130.7818685,14658.56069,252.099654,11.081528,32098.1946,252.099654,8491.951834,252.099654,31882.51668,252.099654,?
307,136.3038062,141.9469896,119.8871972,17180.7283,252.099654,11.065004,38105.39972,252.099654,9686.822145,252.099654,39056.53564,252.099654,?
308,166.6932872,157.8913495,138.4748789,16970.05343,252.2138408,10.199343,22683.60512,252.2138408,13940.04844,252.2138408,24811.1074,252.2138408,3
309,160.8761246,153.7851903,142.2066436,16133.67626,252.2138408,10.190898,20297.91336,252.2138408,12424.50588,252.2138408,22187.23668,252.2138408,3
310,152.3767474,149.8387543,135.2791696,15702.94325,252.2138408,10.231806,20247.76318,252.2138408,12456.00484,252.2138408,21657.54768,252.2138408,3
311,155.4549481,151.8643599,136.1707958,15256.94727,252.2138408,10.244927,20676.40803,252.2138408,12807.25273,252.2138408,22346.52208,252.2138408,3
312,156.2595156,151.3288581,138.2817993,14692.37758,252.2138408,10.223459,20323.40443,252.2138408,13049.20138,252.2138408,22408.111,252.2138408,3
313,156.4777855,150.633218,138.2206228,14430.35377,252.2138408,10.230044,20759.0299,252.2138408,12877.40941,252.2138408,23079.511,252.2138408,3
314,154.4254671,150.4517647,137.1914187,14024.64692,252.2138408,10.254406,20653.61066,252.2138408,12265.78201,252.2138408,22389.70754,252.2138408,3
315,151.1590311,149.3731488,134.2852595,13843.34644,252.2138408,10.246663,18726.14907,252.2138408,11474.37827,252.2138408,19473.00194,252.2138408,3
316,149.3799308,148.9278893,133.4887197,13706.3164,252.2138408,10.290678,17732.00028,252.2138408,10775.68194,252.2138408,17671.5074,252.2138408,3
317,154.463391,150.4711419,141.4642215,13847.60789,252.2138408,10.340023,17927.40927,252.2138408,10779.17744,252.2138408,17610.79626,252.2138408,3
318,162.3202768,160.8110727,145.5266436,15489.09633,252.2138408,10.484964,24975.36429,252.2138408,10818.66118,252.2138408,24086.6818,252.2138408,3
319,158.1496194,153.910173,142.4787543,16907.45522,252.2138408,10.724327,40377.97744,252.2138408,9150.368581,252.2138408,39331.05135,252.2138408,3
320,130.7558478,140.5739792,116.7391003,18072.03211,252.2138408,10.63972,36632.77218,252.2138408,9887.733841,252.2138408,38997.04706,252.2138408,3
321,178.1137716,163.2758478,145.5288581,16996.50768,252.099654,10.631093,23867.99529,252.099654,13579.90353,252.099654,26181.81356,252.099654,?
322,172.4718339,160.6307266,152.0251903,16659.79571,252.2138408,10.297819,24564.61135,252.2138408,11984.62021,252.2138408,26580.33343,252.2138408,3
323,169.1720415,159.7176471,148.5683045,16274.42007,252.2138408,10.203526,21063.09675,252.2138408,12596.19045,252.2138408,23078.51516,252.2138408,3
324,166.7183391,156.8119031,146.6002768,15698.58754,252.2138408,10.2809925,22034.07294,252.2138408,12378.28332,252.2138408,23825.16194,252.2138408,3
325,166.2134256,155.8445675,147.3346713,15066.2854,252.2138408,10.296495,22183.96803,252.2138408,12702.70394,252.2138408,24317.34671,252.2138408,3
326,165.6354325,155.5103114,145.9248443,14615.45979,252.2138408,10.269189,21296.68637,252.2138408,12805.17689,252.2138408,23831.99336,252.2138408,3
327,164.8934256,153.9100346,145.9745329,14182.79253,252.2138408,10.268761,21002.99516,252.2138408,12474.59529,252.2138408,23359.24761,252.2138408,3
328,162.5395156,151.0070588,143.366782,14128.02727,252.2138408,10.309342,21061.30298,252.2138408,11664.75253,252.2138408,22315.9982,252.2138408,3
329,163.0775087,151.3576471,145.4931488,14188.09066,252.2138408,10.289374,19008.84304,252.2138408,11069.50007,252.2138408,19236.28263,252.2138408,3
330,161.3897578,150.2704498,146.0448443,14309.02145,252.2138408,10.289195,17697.13979,252.2138408,11120.4317,252.2138408,17756.60983,252.2138408,3
331,159.5115571,149.3119723,144.9292734,15619.03682,252.2138408,10.49058,24547.62104,252.2138408,10698.0764,252.2138408,23411.84097,252.2138408,3
332,156.5764706,145.7922491,141.6690657,17004.11087,252.2138408,10.70163,36266.47017,252.2138408,9321.930934,252.2138408,34893.83197,252.2138408,3
333,148.7597232,157.2779239,132.4726644,18084.93509,252.2138408,10.631636,34262.96581,252.2138408,9996.379931,252.2138408,36044.51543,252.2138408,3
334,182.8543945,162.6984083,149.3320415,16019.26505,252.099654,10.75405,24407.449,252.099654,12468.08443,252.099654,26359.31225,252.099654,?
335,171.3941869,160.6710035,147.3421453,16072.1236,252.2138408,10.2871475,23104.42118,252.2138408,11973.0692,252.2138408,24864.44692,252.2138408,3
336,175.9331488,162.3694118,155.5157093,15157.66505,252.2442907,10.194849,20463.91972,252.2442907,11557.82907,252.2442907,22268.10367,252.2442907,2
337,171.383391,158.9844983,151.1325952,15024.97481,252.2442907,10.128927,19272.33564,252.2442907,11976.19585,252.2442907,21151.22173,252.2442907,2
338,165.9319031,153.7893426,145.3687197,14674.66657,252.2442907,10.184375,20367.5683,252.2442907,12314.47779,252.2442907,22305.2645,252.2442907,2
339,167.5617993,154.4177163,146.3853287,14243.85024,252.2442907,10.168274,19929.02893,252.2442907,12709.92471,252.2442907,22140.98491,252.2442907,2
340,168.0631142,154.7814533,147.1467128,13796.38588,252.2138408,10.286751,19766.05979,252.2138408,12512.87972,252.2138408,21989.47709,252.2138408,3
341,165.5921107,153.2488581,143.8696194,13451.03696,252.2442907,10.289413,21370.48083,252.2442907,11384.07986,252.2442907,22641.98879,252.2442907,2
342,162.7582007,152.8377855,143.4638062,13454.08734,252.2138408,10.39627,19937.4591,252.2138408,10681.68969,252.2138408,20100.39516,252.2138408,3
343,163.1613841,151.9420069,147.283045,13736.9301,252.2138408,10.346115,17818.5874,252.2138408,10804.52844,252.2138408,17838.67696,252.2138408,3
344,163.1785467,151.0413841,147.1872664,14098.66851,252.2138408,10.381189,18223.52443,252.2138408,10753.39003,252.2138408,17829.7683,252.2138408,3
345,159.8949481,149.7294118,144.1069896,17405.4901,252.2138408,10.75191,38019.65481,252.2138408,9226.798062,252.2138408,35536.51958,252.2138408,3
346,147.9058824,157.4404152,131.5515571,18486.74353,252.2138408,10.601581,32307.04526,252.2138408,10315.79557,252.2138408,33999.76028,252.2138408,3
347,167.3955709,157.2174394,137.2027682,16232.58976,252.099654,10.762059,24946.98381,252.099654,12945.63197,252.099654,27373.95571,252.099654,?
348,167.2440138,156.4685121,138.0312803,15909.35488,252.2138408,10.357576,24375.27696,252.2138408,11828.67266,252.2138408,26226.88249,252.2138408,3
349,168.6548097,158.513218,146.7785467,15159.11889,252.2138408,10.233661,19023.22893,252.2138408,12022.82353,252.2138408,21160.41744,252.2138408,3
350,165.6658824,155.6610381,143.7512803,15306.84886,252.2138408,10.253188,20300.35723,252.2138408,12089.84706,252.2138408,22507.48291,252.2138408,3
351,163.9897578,153.6152249,142.1480969,15243.76983,252.2138408,10.335951,21895.16789,252.2138408,11891.41246,252.2138408,23904.04374,252.2138408,3
352,162.9847751,153.6211765,140.7775779,14873.2317,252.2138408,10.371556,22396.95266,252.2138408,12162.40651,252.2138408,24557.64194,252.2138408,3
353,161.1952941,151.6786159,141.2647751,14434.10796,252.2138408,10.393112,22800.31003,252.2138408,12146.50505,252.2138408,25143.37315,252.2138408,3
354,159.8892734,149.380346,139.1186159,14243.65675,252.2138408,10.382205,22433.31225,252.2138408,12044.97606,252.2138408,24776.30657,252.2138408,3
355,152.376609,145.3469896,134.9702422,14050.82713,252.2138408,10.325917,20576.48277,252.2138408,11909.09785,252.2138408,22247.23848,252.2138408,3
356,150.5957093,143.806782,136.3645675,14118.62851,252.2138408,10.3546295,19098.31446,252.2138408,11028.48152,252.2138408,19527.36332,252.2138408,3
357,159.2024913,147.0772318,142.4492734,14317.81772,252.2138408,10.355581,17589.42187,252.2138408,10818.10076,252.2138408,17553.48318,252.2138408,3
358,158.333564,146.2553633,140.7511419,16876.5636,252.2138408,10.667227,32055.62215,252.2138408,9663.985606,252.2138408,29038.591,252.2138408,3
359,149.9321799,155.8999308,130.5890657,19267.98713,252.2138408,10.623194,32555.93024,252.2138408,10473.31405,252.2138408,33450.86035,252.2138408,3
360,167.4445675,153.5231834,131.9388235,17132.48651,252.099654,10.73329,25520.9182,252.099654,13293.79197,252.099654,28900.34394,252.099654,?
361,165.0997924,152.8077509,131.7849135,16849.06616,252.2138408,10.396792,27100.45619,252.2138408,12367.83488,252.2138408,29451.24401,252.2138408,3
362,167.9792388,155.3850519,146.8478893,16291.11266,252.2138408,10.206486,18874.42215,252.2138408,12364.12166,252.2138408,20862.72194,252.2138408,3
363,169.0404152,154.8571626,146.2462284,15844.11253,252.2138408,10.242622,18556.51474,252.2138408,12050.74242,252.2138408,20547.37301,252.2138408,3
364,166.8592388,153.566782,144.6290657,15197.2782,252.2442907,10.194478,19233.28055,252.2442907,11699.00138,252.2442907,21084.4717,252.2442907,2
365,166.0170242,153.0260208,143.7212457,14715.94381,252.2442907,10.264366,20751.44512,252.2442907,11801.6555,252.2442907,22526.78865,252.2442907,2
366,162.2150865,149.9534948,141.9028374,14304.21869,252.2138408,10.410634,21511.62616,252.2138408,11888.87087,252.2138408,23409.67225,252.2138408,3
367,160.6132872,148.852872,139.5103114,13714.64609,252.2138408,10.429784,21669.7654,252.2138408,11658.06187,252.2138408,23610.17661,252.2138408,3
368,155.1234602,145.2561938,138.3898962,13639.21702,252.2138408,10.419279,21384.96097,252.2138408,11611.57343,252.2138408,23200.85564,252.2138408,3
369,153.2310035,143.2718339,140.4730796,13867.77592,252.2138408,10.392352,19605.00872,252.2138408,11248.89619,252.2138408,20423.64761,252.2138408,3
370,151.6903806,140.7465744,138.8351557,14098.66491,252.2138408,10.346958,16375.08997,252.2138408,10862.03557,252.2138408,16395.13024,252.2138408,3
371,155.6123183,141.8390311,141.1379931,15809.34644,252.2138408,10.553523,24893.49453,252.2138408,10081.2263,252.2138408,22833.40332,252.2138408,3
372,145.7757785,146.9898962,133.8186851,19984.09329,252.2138408,10.72755,36925.92734,252.2138408,9809.30436,252.2138408,36057.6919,252.2138408,3
373,172.8858131,158.3241522,138.196263,16235.29315,252.099654,10.89192,26889.41772,252.099654,11771.90948,252.099654,29769.19529,252.099654,?
374,165.8602076,152.1557093,128.3480969,16524.58311,252.099654,10.784323,24831.4018,252.099654,12910.54865,252.099654,27458.89578,252.099654,?
375,167.1321799,158.4853979,141.7410381,16005.08263,252.2138408,10.267655,20120.88277,252.2138408,12318.32526,252.2138408,22202.97606,252.2138408,3
376,169.7420069,158.9612457,146.5008997,15915.78159,252.2138408,10.144437,16954.1074,252.2138408,13008.91529,252.2138408,19178.07488,252.2138408,3
377,166.2903806,157.5584775,143.63391,15366.86588,252.2138408,10.22727,17852.37315,252.2138408,12306.34284,252.2138408,20064.23654,252.2138408,3
378,162.0420761,155.5104498,139.8001384,15221.77952,252.2138408,10.266271,18882.23557,252.2138408,12450.62035,252.2138408,21051.75419,252.2138408,3
379,158.2723875,153.6213149,136.3813149,14780.32471,252.2138408,10.298241,19554.58394,252.2138408,12852.19737,252.2138408,21700.37315,252.2138408,3
380,153.1327336,151.447474,135.3641522,13922.43128,252.2138408,10.363636,20245.57426,252.2138408,12333.32194,252.2138408,22257.01024,252.2138408,3
381,153.8849827,150.6970242,137.2231142,13714.04969,252.2138408,10.329312,19385.64277,252.2138408,12351.19585,252.2138408,21322.11031,252.2138408,3
382,153.4386159,147.1616609,139.9987543,13773.89135,252.2138408,10.392572,19456.7737,252.2138408,11453.6728,252.2138408,20421.28498,252.2138408,3
383,152.6723875,145.3112803,139.2844291,14258.24152,252.2138408,10.413036,18244.05536,252.2138408,10668.75156,252.2138408,18183.87308,252.2138408,3
384,156.7456055,146.1004844,143.2726644,16077.03239,252.2138408,10.578301,25419.64886,252.2138408,9801.34436,252.2138408,23499.5027,252.2138408,3
385,159.0225606,151.3760554,146.4453979,20048.4036,252.2138408,10.717637,34089.20208,252.2138408,9637.015502,252.2138408,33762.5528,252.2138408,3
386,167.5874048,163.7247059,136.5061592,15728.51557,252.2138408,10.555886,22662.11156,252.2138408,10653.37993,252.2138408,27647.14893,252.2138408,3
387,146.5555709,146.6714187,115.6775087,17795.82062,252.2442907,10.425162,25368.66339,252.2442907,12098.18519,252.2442907,31307.41093,252.2442907,2
388,151.1815917,149.0733564,120.624083,16373.51723,252.2442907,10.453765,23811.21301,252.2442907,11096.73758,252.2442907,28155.67073,252.2442907,2
389,178.6143945,163.9240138,152.0376471,16242.57066,252.099654,10.926254,23101.91516,252.099654,11499.58851,252.099654,26943.24955,252.099654,?
390,154.3521107,154.0359862,124.7118339,16764.17536,252.2138408,10.6001425,24467.75253,252.2138408,10852.3582,252.2138408,28567.49052,252.2138408,3
391,148.4444291,150.7541869,122.0993772,17178.87142,252.2442907,10.427174,23965.64263,252.2442907,11339.69287,252.2442907,29204.35363,252.2442907,2
392,151.2434602,147.4683737,118.9738408,16616.44983,252.2442907,10.373653,22222.96332,252.2442907,11636.60678,252.2442907,27376.21412,252.2442907,2
393,173.4685121,162.0384775,144.8978547,16442.42201,252.2138408,10.448662,21563.75156,252.2138408,12083.20083,252.2138408,26589.77896,252.2138408,3
394,174.7583391,168.6341869,142.1259516,16339.18422,252.2138408,10.643097,24077.55433,252.2138408,10079.3708,252.2138408,26779.25564,252.2138408,3
395,160.7007612,156.0889965,132.67391,16950.40415,252.2138408,10.5444765,23330.18478,252.2138408,11080.85702,252.2138408,27837.09135,252.2138408,3
396,159.123737,152.946436,128.3808997,16883.22588,252.2138408,10.358906,19224.36969,252.2138408,13121.26104,252.2138408,24117.89273,252.2138408,3
397,172.7970934,162.5356401,143.9990311,16608.40332,252.2138408,10.405588,20116.83266,252.2138408,12642.73896,252.2138408,25219.2,252.2138408,3
398,155.6167474,151.156263,124.763045,18361.53218,252.2138408,10.591167,25523.84028,252.2138408,11616.88346,252.2138408,28797.96318,252.2138408,3
399,166.175917,153.5496194,133.8507958,19527.39696,252.2138408,10.500208,26672.00263,252.2138408,13172.08761,252.2138408,32097.68471,252.2138408,3
400,165.2334948,152.7367474,129.412872,19177.04706,252.2138408,10.512619,27679.12692,252.2138408,12526.09301,252.2138408,34364.62671,252.2138408,3
401,168.7648443,157.3011765,133.7475433,17002.89633,252.2138408,10.530184,24533.96651,252.2138408,11691.31308,252.2138408,29989.88913,252.2138408,3
402,158.9777163,153.3930796,127.6776471,17531.57329,252.099654,11.036131,25309.92567,252.099654,10727.13772,252.099654,27022.89813,252.099654,?
403,173.4907958,158.2747405,141.2831834,15424.44,252.2138408,10.696246,27038.68623,252.2138408,9289.056886,252.2138408,29196.49924,252.2138408,3
404,176.096609,160.8141176,141.1062976,17201.60304,252.2138408,10.633006,27969.17343,252.2138408,10436.11654,252.2138408,32929.79391,252.2138408,3
405,165.5161246,152.2024913,126.6001384,16269.73121,252.2442907,10.491865,24436.50256,252.2442907,10652.91931,252.2442907,29461.11903,252.2442907,2
406,170.1313495,164.6251903,137.9512803,17888.32706,252.099654,11.062709,26222.92498,252.099654,10251.7636,252.099654,27588.49993,252.099654,?
407,175.3277509,172.5626298,142.695917,16352.95862,252.2138408,10.672738,27728.35349,252.2138408,9673.418547,252.2138408,29337.11031,252.2138408,3
408,166.7245675,159.5108651,132.0016609,17362.15225,252.2138408,10.62099,28166.41924,252.2138408,10296.55183,252.2138408,32431.43612,252.2138408,3
409,158.7890657,154.312526,123.6121799,17910.62824,252.2138408,10.563741,26068.10699,252.2138408,11542.43183,252.2138408,31043.54948,252.2138408,3
410,168.3284429,154.829481,132.0262976,16615.2519,252.2138408,10.403331,20450.64789,252.2138408,12176.62256,252.2138408,21523.46118,252.2138408,3
411,171.9079585,156.2372318,134.4910727,16914.15294,252.2138408,10.422778,21434.56374,252.2138408,12151.72803,252.2138408,22023.26699,252.2138408,3
412,164.2445675,151.2888581,127.7903114,17032.61799,252.2138408,10.393892,20817.59087,252.2138408,12413.45135,252.2138408,21303.38048,252.2138408,3
413,159.7439446,148.0984083,124.359308,17256.70837,252.2138408,10.476117,22588.31308,252.2138408,11759.15958,252.2138408,22881.04152,252.2138408,3
414,156.6051211,147.5000692,122.4312803,17452.4483,252.2138408,10.51006,22820.91654,252.2138408,11468.3499,252.2138408,23874.19723,252.2138408,3
415,157.4981315,147.0465052,121.4942561,20748.49993,252.2138408,10.304972,22700.35682,252.2138408,14559.53633,252.2138408,26386.47405,252.2138408,3
416,154.8764014,144.2870588,121.0117647,23576.68152,252.2442907,9.929653,19427.77384,252.2442907,19368.26602,252.2442907,24032.77841,252.2442907,2
417,164.573564,156.1242907,132.4921799,23184.13785,252.2138408,9.897848,17936.35294,252.2138408,22346.55599,252.2138408,22096.2508,252.2138408,3
418,194.7702422,176.6618685,150.6084429,36269.63433,252.099654,10.636757,25697.56623,252.099654,23777.38381,252.099654,30812.25689,252.099654,?
419,164.6308651,156.8876125,131.7755017,16763.32208,252.2138408,10.261949,17755.94948,252.2138408,13023.28304,252.2138408,19318.47529,252.2138408,3
420,166.1051903,154.090519,131.1529412,16529.44083,252.2138408,10.272762,17903.49785,252.2138408,12784.35266,252.2138408,18964.68429,252.2138408,3
421,158.7240138,149.3653979,123.5195848,16627.35488,252.2138408,10.313849,18773.7117,252.2138408,12680.09924,252.2138408,19483.4173,252.2138408,3
422,156.6357093,146.9568166,122.8588235,16645.98007,252.2138408,10.3168125,18917.74242,252.2138408,12861.87972,252.2138408,19523.23723,252.2138408,3
423,155.4607612,146.4703114,121.7238754,16966.49509,252.2138408,10.362776,19887.84221,252.2138408,12497.35862,252.2138408,20624.72166,252.2138408,3
424,149.5914187,143.5756401,116.9074048,19215.35931,252.2138408,10.285489,21725.76277,252.2138408,13857.12983,252.2138408,23610.27599,252.2138408,3
425,148.9456055,144.0514879,115.3258131,23398.27848,252.2138408,10.057973,20749.98574,252.2138408,19366.86353,252.2138408,24687.83239,252.2138408,3
426,149.7750865,146.9281661,120.0656055,16942.88374,252.2138408,9.931597,13796.78048,252.2138408,15740.20526,252.2138408,16429.06298,252.2138408,3
427,195.0519031,175.3529412,145.4581315,21750.69924,252.099654,10.614047,19297.78131,252.099654,16085.39488,252.099654,22547.51806,252.099654,?
428,162.506436,154.546436,128.9555709,17484.15142,252.2138408,10.334721,18987.05882,252.2138408,12668.18118,252.2138408,20501.04872,252.2138408,3
429,161.7680277,153.3418685,128.9453287,17025.5719,252.2138408,10.422863,20402.45522,252.2138408,11806.81509,252.2138408,21482.45578,252.2138408,3
430,158.7503114,149.577301,125.879308,17156.49481,252.2138408,10.382572,20969.45869,252.2138408,12243.77869,252.2138408,21504.64484,252.2138408,3
431,158.0114879,146.5483737,124.639308,17325.48623,252.2138408,10.411004,22044.97827,252.2138408,12213.38588,252.2138408,22286.30727,252.2138408,3
432,156.4588235,145.6708651,122.0653287,17571.1474,252.2138408,10.395461,21449.95654,252.2138408,12460.39654,252.2138408,22144.99668,252.2138408,3
433,156.7349481,144.6863668,120.9865744,18548.24886,252.2138408,10.3748455,23224.92692,252.2138408,12592.39682,252.2138408,24531.67433,252.2138408,3
434,153.0675433,142.3916955,117.9338408,23647.889,252.2442907,10.060715,22974.33384,252.2442907,19278.30879,252.2442907,27643.85467,252.2442907,2
435,148.5213841,145.4307266,118.6690657,22037.56318,252.2138408,10.091432,18011.16111,252.2138408,17653.77827,252.2138408,22400.64221,252.2138408,3
436,193.022699,172.72609,146.1791003,39030.67142,252.099654,10.412933,22513.06256,252.099654,27000.51405,252.099654,29190.80484,252.099654,?
437,161.0427682,155.2026298,130.4525952,17222.329,252.2138408,10.403441,19827.20332,252.2138408,12005.77204,252.2138408,21005.8818,252.2138408,3
438,161.2438754,153.2161938,130.6352941,16617.38394,252.2138408,10.378619,18848.43862,252.2138408,12031.83972,252.2138408,20014.33938,252.2138408,3
439,158.9575087,149.9112803,127.0192388,16471.77592,252.2138408,10.350527,18752.2728,252.2138408,12232.27322,252.2138408,19621.79903,252.2138408,3
440,158.6382007,146.6847059,126.119308,16742.13093,252.2138408,10.351045,19640.51391,252.2138408,12541.00498,252.2138408,20161.13107,252.2138408,3
441,159.553218,145.9839446,126.1730104,16776.47765,252.2138408,10.356108,19520.48194,252.2138408,12676.5546,252.2138408,20408.67474,252.2138408,3
442,159.2993772,144.0017993,124.2849827,18274.27059,252.2138408,10.417801,22948.09176,252.2138408,12320.86242,252.2138408,25033.34893,252.2138408,3
443,155.0931488,141.462699,119.8249135,22675.92138,252.2138408,10.152717,21916.76651,252.2138408,18945.24955,252.2138408,26340.32471,252.2138408,3
444,149.1141869,142.6891349,116.1570934,25806.19045,252.2138408,10.051388,19937.30173,252.2138408,20883.72374,252.2138408,25160.99516,252.2138408,3
445,175.6478893,157.5559862,135.1879585,37952.81301,252.099654,10.466275,22777.24581,252.099654,26258.64941,252.099654,29504.38201,252.099654,?
446,161.1683045,157.057301,132.8131488,17063.76983,252.2138408,10.422268,20088.41149,252.2138408,11838.689,252.2138408,20817.67045,252.2138408,3
447,160.2293426,153.5659516,131.3770242,16380.72235,252.2138408,10.360917,18374.22588,252.2138408,11978.75612,252.2138408,19272.80498,252.2138408,3
448,159.6788927,150.16,129.0161938,16028.51322,252.2138408,10.283819,17214.61785,252.2138408,12412.16512,252.2138408,18140.31834,252.2138408,3
449,157.5065744,144.3987543,126.1653979,16145.97841,252.2138408,10.251211,17192.99751,252.2138408,12869.86062,252.2138408,17982.25121,252.2138408,3
450,159.9130796,143.9100346,127.3417301,16275.8728,252.2138408,10.274196,17743.46367,252.2138408,12989.87128,252.2138408,18731.85467,252.2138408,3
451,162.3851903,144.4123183,127.8179931,17136.73287,252.2138408,10.395282,21278.38242,252.2138408,12295.57066,252.2138408,22762.13412,252.2138408,3
452,158.3226298,142.297301,123.7231834,20276.2937,252.2138408,10.127335,19811.10588,252.2138408,16868.04692,252.2138408,23135.40221,252.2138408,3
453,151.9990311,139.8692042,119.0004152,38633.42311,252.2138408,-2515.871,28253.87183,252.2138408,36217.36221,252.2138408,36561.38131,252.2138408,3
454,170.9317647,158.1079585,134.2250519,49241.41993,252.2138408,-2154.7168,28956.6782,252.2138408,40503.0627,252.2138408,37948.25592,252.2138408,3
455,155.2282353,151.506436,129.3324567,16856.84,252.2138408,10.410311,20540.18464,252.2138408,11847.14173,252.2138408,20707.31696,252.2138408,3
456,159.7011765,149.56,131.1395156,16214.65661,252.2138408,10.31663,18126.35779,252.2138408,12160.86394,252.2138408,18819.75889,252.2138408,3
457,156.6019377,145.8337716,126.4757093,15787.00913,252.2138408,10.277098,16886.92471,252.2138408,12125.12042,252.2138408,17894.23986,252.2138408,3
458,154.4395848,143.0492734,121.6862284,15898.55253,252.2138408,10.202359,15649.07336,252.2138408,12889.78381,252.2138408,16857.95958,252.2138408,3
459,158.6088581,142.7905882,124.3665052,16009.24775,252.2138408,10.204873,16163.15128,252.2138408,13105.65882,252.2138408,17238.58976,252.2138408,3
460,159.3530796,143.8665744,126.0817993,16234.13093,252.2138408,10.253512,17301.46381,252.2138408,12898.79211,252.2138408,18457.76761,252.2138408,3
461,162.1338408,145.3348097,127.4182699,20305.14879,252.2138408,10.206815,22897.71792,252.2138408,16237.84734,252.2138408,25063.8937,252.2138408,3
462,162.8916263,145.1404844,129.3379931,34740.65938,252.2138408,10.006072,23370.17772,252.2138408,28745.25702,252.2138408,27689.74796,252.2138408,3
463,163.2503806,154.5313495,129.5442215,36541.86478,252.2138408,9.93387,20340.26644,252.2138408,28762.20457,252.2138408,24486.66118,252.2138408,3
464,148.982699,149.4610381,125.1645675,15888.49855,252.099654,10.761227,19306.05301,252.099654,11619.03114,252.099654,19290.17301,252.099654,?
465,162.0487197,147.7749481,136.4229758,15975.18035,252.2138408,10.402888,19800.07197,252.2138408,11381.8263,252.2138408,20166.16277,252.2138408,3
466,138.4541176,139.759308,108.4298962,15835.34104,252.2442907,10.220062,17600.26644,252.2442907,11758.69799,252.2442907,18839.9982,252.2442907,3
467,143.8451211,146.2487197,106.8672664,15336.76415,252.2442907,10.040188,14988.05453,252.2442907,12740.79474,252.2442907,16421.55045,252.2442907,3
468,148.3976471,133.790173,117.2811073,15967.82021,252.2442907,10.065847,15989.58436,252.2442907,13187.31253,252.2442907,17390.59142,252.2442907,3
469,161.1779931,138.8459516,129.0775087,16390.67862,252.2442907,10.01112,15476.63349,252.2442907,14168.21426,252.2442907,16801.69758,252.2442907,3
470,164.7503114,142.4359862,131.1741176,19010.23709,252.2138408,10.323243,23669.52304,252.2138408,14115.61315,252.2138408,25327.3499,252.2138408,3
471,163.6442907,141.9103114,129.2527336,19731.12747,252.2442907,10.0143175,19054.30796,252.2442907,16554.84055,252.2442907,21065.17758,252.2442907,3
472,150.9964014,145.5612457,121.72,15567.29107,252.2138408,10.114083,14020.76678,252.2138408,13116.84637,252.2138408,14888.0991,252.2138408,3
473,151.7068512,147.9594464,126.7702422,17373.18007,147.9594464,9.449669,25450.31917,252.5107266,11442.05426,252.5107266,27942.76429,252.5107266,3
474,154.1226298,149.307128,129.1645675,19093.5481,149.307128,9.233526,23722.55349,252.5107266,13599.05661,252.5107266,26103.52623,252.5107266,3
475,156.2148097,156.7053287,129.3734256,18918.46145,156.7053287,9.255244,25063.38311,252.5107266,13561.58353,252.5107266,26494.54062,252.5107266,3
476,154.9755017,156.2459516,127.4314187,18905.7301,156.2459516,9.69861,30800.30851,252.4193772,12770.02962,252.4193772,31692.20138,252.4193772,?
477,151.9317647,151.9184775,126.6553633,19034.33052,151.9184775,9.701524,30821.46505,252.4193772,13213.03087,252.4193772,32255.01924,252.4193772,?
478,156.4611765,155.0146713,136.2963322,19647.10118,155.0146713,9.70756,30704.03958,252.4193772,13780.31474,252.4193772,32335.67557,252.4193772,?
479,163.0260208,160.4279585,146.3702422,20820.17149,160.4279585,9.663025,29405.88152,252.4193772,14710.45689,252.4193772,31408.191,252.4193772,?
480,168.8413841,168.153218,155.2316955,20916.5218,168.153218,9.553037,26365.73315,252.4193772,15331.57924,252.4193772,28919.34671,252.4193772,?
481,177.2088581,177.1187543,167.7240138,21017.8674,177.1187543,9.536165,27185.0328,252.4193772,15459.12512,252.4193772,29497.95654,252.4193772,?
482,173.7314879,171.8041522,161.4553633,21114.72969,171.8041522,9.531089,26484.81799,252.4193772,15518.31253,252.4193772,28802.31183,252.4193772,?
483,156.5788235,152.893564,134.0798616,18000.53301,152.893564,9.57191,25332.81702,252.4193772,12908.0519,252.4193772,27454.20152,252.4193772,?
484,152.959308,152.9249827,133.0978547,15749.68637,152.9249827,9.512185,23235.68983,252.4193772,11724.85896,252.4193772,24985.66394,252.4193772,?
485,150.8519031,143.1191696,124.9176471,17236.4346,143.1191696,9.383173,23216.45813,252.5107266,12142.95239,252.5107266,26158.62187,252.5107266,3
486,153.4121799,138.1912803,124.813564,17699.52955,138.1912803,9.312527,23137.76955,252.5107266,12766.99059,252.5107266,25762.60747,252.5107266,3
487,153.9253979,137.6524567,124.5377163,17237.01855,137.6524567,9.09015,17485.66533,252.5107266,14513.85093,252.5107266,19965.91862,252.5107266,3
488,149.0815225,133.6034602,118.5788235,17328.24595,133.6034602,9.089734,19121.28997,252.5107266,14519.03654,252.5107266,21244.5964,252.5107266,3
489,146.6647751,132.9745329,116.744083,16854.33204,132.9745329,9.149067,20056.84069,252.5107266,13917.04595,252.5107266,22136.27626,252.5107266,3
490,145.2376471,133.6308651,115.5964014,15996.40069,133.6308651,9.247349,21362.53066,252.5107266,12963.61855,252.5107266,23242.87474,252.5107266,3
491,147.1011765,135.784083,116.312526,15750.98298,135.784083,9.36277,25031.36941,252.5107266,12174.25647,252.5107266,26619.74547,252.5107266,3
492,147.4041522,137.1597232,117.686782,15574.91419,137.1597232,9.267985,23240.34367,252.5107266,12673.56388,252.5107266,24950.23433,252.5107266,3
493,155.2440138,143.3862976,128.6164706,15426.77813,143.3862976,9.291146,23502.23349,252.5107266,12452.51543,252.5107266,24978.13758,252.5107266,3
494,158.2354325,149.6643599,133.9500346,15704.58422,149.6643599,9.270378,23059.92526,252.5107266,12921.30436,252.5107266,24349.79862,252.5107266,3
495,165.1190311,157.6975779,147.5572318,16003.18713,157.6975779,9.254235,23615.95889,252.5107266,12560.64858,252.5107266,24836.17606,252.5107266,3
496,168.0884429,160.6221453,156.2988235,15451.98533,160.6221453,9.416017,18249.19474,252.4193772,12973.93924,252.4193772,20099.48969,252.4193772,?
497,148.8787543,144.1151557,120.04609,17259.64318,144.1151557,9.708487,23477.11779,252.4193772,12177.39585,252.4193772,27382.97564,252.4193772,?
498,161.9353633,146.2405536,133.9523875,17272.32097,146.2405536,9.379743,24174.75972,252.5107266,12159.38768,252.5107266,28025.74505,252.5107266,3
499,162.4066436,146.5198616,131.6267128,17214.2699,146.5198616,9.162785,19570.10547,252.5107266,13794.08083,252.5107266,22902.29758,252.5107266,3
500,160.3397924,146.230173,128.6589619,17043.96346,146.230173,9.223295,21760.65052,252.5107266,13538.98436,252.5107266,24286.61121,252.5107266,3
501,155.8974394,141.6207612,125.0077509,16372.27986,141.6207612,9.281882,23067.50588,252.5107266,12780.23986,252.5107266,25061.04111,252.5107266,3
502,153.5876817,141.8685121,122.7512803,15648.53176,141.8685121,9.248951,21909.52941,252.5107266,12707.43862,252.5107266,23975.39142,252.5107266,3
503,152.6260208,142.9959862,122.1655363,15427.31599,142.9959862,9.339026,24331.54104,252.5107266,12005.53675,252.5107266,26176.59806,252.5107266,3
504,153.1116955,145.6408304,124.5216609,15319.28609,145.6408304,9.369113,25627.58851,252.5107266,11795.50879,252.5107266,27004.43474,252.5107266,3
505,163.2408304,153.2510727,135.689827,15474.84706,153.2510727,9.330337,24655.74879,252.5107266,12173.94118,252.5107266,25992.30062,252.5107266,3
506,165.6204844,154.8816609,141.8483045,15643.72401,154.8816609,9.267579,23213.27848,252.5107266,12871.24595,252.5107266,24503.54782,252.5107266,3
507,166.6210381,157.4651903,143.8261592,16162.67114,157.4651903,9.317764,25632.23225,252.5107266,12540.39654,252.5107266,26778.89038,252.5107266,3
508,169.3725952,160.0161938,153.5442215,15349.9564,160.0161938,9.503041,19917.56,252.4193772,12974.07114,252.4193772,21587.07197,252.4193772,?
509,155.0445675,145.803045,124.5986159,16629.37772,145.803045,9.734109,23443.1301,252.4193772,11620.04263,252.4193772,27628.35349,252.4193772,?
510,160.663391,149.6930104,132.3410381,17121.15958,149.6930104,9.367171,22706.85965,252.5107266,12373.35087,252.5107266,27030.08512,252.5107266,3
511,159.9191696,146.0312803,129.7051903,17914.67419,146.0312803,9.287457,24120.31931,252.5107266,13007.73938,252.5107266,28391.23502,252.5107266,3
512,154.2405536,143.3703806,124.3483737,16873.18962,143.3703806,9.263907,22064.42491,252.5107266,13152.28235,252.5107266,24937.87654,252.5107266,3
513,151.3984775,141.5144637,121.106436,15965.33924,141.5144637,9.362197,24760.76471,252.5107266,12047.92346,252.5107266,26368.74436,252.5107266,3
514,153.9219377,144.1795156,123.5555709,15572.37536,144.1795156,9.338016,24104.58464,252.5107266,12105.94422,252.5107266,26110.48734,252.5107266,3
515,148.8408304,142.4002768,118.0390311,15324.49246,142.4002768,9.345053,24378.51862,252.5107266,11946.37924,252.5107266,26425.18478,252.5107266,3
516,153.3546021,147.2937024,125.2669896,15242.30478,147.2937024,9.395498,26017.33467,252.5107266,11482.0508,252.5107266,27555.05107,252.5107266,3
517,157.3194464,147.8011073,126.4334948,15486.21093,147.8011073,9.327008,24841.65066,252.5107266,12161.91405,252.5107266,26091.61329,252.5107266,3
518,163.8492734,152.5404844,135.9851903,15451.62131,152.5404844,9.332543,24864.81979,252.5107266,12295.72581,252.5107266,25784.24927,252.5107266,3
519,166.4779239,157.8408304,141.1115571,16082.7027,157.8408304,9.268588,24036.25343,252.5107266,13047.91848,252.5107266,25460.55848,252.5107266,3
520,162.7738408,155.3157093,144.4386159,15491.14007,155.3157093,9.642525,23450.62298,252.4193772,11850.1892,252.4193772,24753.57993,252.4193772,?
521,153.775917,144.3195848,125.9893426,16202.4526,144.3195848,9.713587,22208.87862,252.4193772,11609.55723,252.4193772,26879.32498,252.4193772,?
522,156.7360554,149.6329412,128.1631834,18753.97578,149.6329412,9.294737,24242.02048,252.5107266,14178.46422,252.5107266,29448.52803,252.5107266,3
523,155.3043599,143.8906574,126.0455363,17904.48194,143.8906574,9.315086,25044.61522,252.5107266,12868.43626,252.5107266,28871.8937,252.5107266,3
524,153.1327336,142.6902422,123.1842215,17086.16747,142.6902422,9.338606,23520.93481,252.5107266,12656.88111,252.5107266,26097.70879,252.5107266,3
525,152.0157785,143.3303806,121.67391,16535.67059,143.3303806,9.348223,25089.25218,252.5107266,12411.07322,252.5107266,26722.44208,252.5107266,3
526,153.8744637,144.4501038,123.070173,15829.34616,144.4501038,9.36954,25680.4227,252.5107266,11952.18505,252.5107266,27488.88484,252.5107266,3
527,152.7122491,145.1285813,122.0934256,15844.57827,145.1285813,9.294607,23900.12415,252.5107266,12517.08983,252.5107266,26300.63433,252.5107266,3
528,152.8390311,145.9792388,123.9820069,15483.86159,145.9792388,9.366554,25799.04208,252.5107266,11760.4746,252.5107266,27804.31529,252.5107266,3
529,156.9807612,148.3130796,126.2924567,15840.9218,148.3130796,9.315726,25918.78602,252.5107266,12177.96028,252.5107266,27816.40042,252.5107266,3
530,158.5363322,146.1420069,125.5514187,15991.88927,146.1420069,9.332103,26516.25218,252.5107266,12279.63308,252.5107266,27842.96886,252.5107266,3
531,168.4690657,159.0714187,139.6442907,15898.29384,159.0714187,9.305171,24870.79751,252.5107266,12252.14907,252.5107266,26382.33024,252.5107266,3
532,160.2537024,153.4034602,140.9371626,16193.80803,153.4034602,9.313281,25547.54699,252.5107266,11739.98713,252.5107266,27045.33343,252.5107266,3
533,168.8638062,156.6614533,135.6152249,16292.81675,156.6614533,9.772295,24656.16997,252.4193772,11148.39875,252.4193772,29804.009,252.4193772,?
534,161.4272664,155.9633218,131.2365398,17211.54644,155.9633218,9.443415,26273.42948,252.5107266,11666.22215,252.5107266,32022.09093,252.5107266,3
535,157.5717647,150.1608304,127.2878893,17137.87696,150.1608304,9.384007,26003.48969,252.5107266,12209.36913,252.5107266,29412.44014,252.5107266,3
536,159.64,150.7771626,127.7807612,17034.91114,150.7771626,9.273926,22627.51391,252.5107266,13267.46062,252.5107266,24972.87363,252.5107266,3
537,157.3013149,149.3191696,124.2550865,17136.36734,149.3191696,9.216089,22303.90782,252.5107266,13738.80208,252.5107266,24225.93439,252.5107266,3
538,160.0817993,149.8856747,128.3831142,17203.70311,149.8856747,9.173605,22825.6937,252.5107266,13967.18837,252.5107266,25191.77287,252.5107266,3
539,157.4887197,148.5503114,125.8152249,16535.49301,148.5503114,9.223184,23631.15571,252.5107266,13178.29785,252.5107266,26320.31045,252.5107266,3
540,155.1265052,148.5407612,125.0646367,16930.51682,148.5407612,9.103954,22226.53938,252.5107266,14496.08651,252.5107266,25560.45356,252.5107266,3
541,160.3709343,150.6251903,130.7281661,17156.64554,150.6251903,9.091166,22006.61758,252.5107266,14705.3009,252.5107266,25272.76734,252.5107266,3
542,160.8503806,148.9558478,128.4204844,17493.78782,148.9558478,9.081371,22762.17315,252.5107266,15276.85979,252.5107266,25663.11502,252.5107266,3
543,167.4312803,152.7223529,136.1173702,16952.23737,152.7223529,9.097585,22083.95654,252.5107266,14291.50644,252.5107266,24367.63654,252.5107266,3
544,162.9522491,157.1645675,139.2488581,16761.86076,157.1645675,9.132179,22426.5409,252.5107266,13125.26907,252.5107266,24412.41398,252.5107266,3
